improv_id,title,date,duration,url
20,3WG Visit NYC,2023-11-13,01:17,https://www.youtube.com/watch?v=ULKj-yrec_g
21,A Boy's First Day At School,2019-10-07,02:42,https://www.youtube.com/watch?v=isB6obSlrWo
22,A Cat Story,2021-09-16,01:20,https://www.youtube.com/watch?v=bECpIvyVv1o
23,A Couple Go To Buy A New Bed,2019-01-28,32:53,https://www.youtube.com/watch?v=vQRlKbarV_c
24,A Decision Involving A Tie,2022-10-21,13:36,https://www.youtube.com/watch?v=C-RYxhht78w
25,A Dog Grows Arms,2019-05-20,19:04,https://www.youtube.com/watch?v=_JFsuZEC59s
26,A Fire Breaks Out At An Old Folks' Home,2019-08-16,07:16,https://www.youtube.com/watch?v=q_udLN08lKk
27,A Guy Finds A Rare Animal Not Native To Scotland,2018-12-31,20:13,https://www.youtube.com/watch?v=1nj-zuVfceQ
28,A Guy Gets A Stop Watch That Can Freeze Time (And People),2019-02-23,09:19,https://www.youtube.com/watch?v=h2t4LvVm9hE
29,A Guy Who Really Likes Allotments,2018-12-30,34:08,https://www.youtube.com/watch?v=545Rl_jxMwM
30,A Lassie Finds An Envelope Under Her Bed,2019-09-23,05:04,https://www.youtube.com/watch?v=r1pRbZmFtXk
31,A Man Buys A Candle,2019-01-02,13:52,https://www.youtube.com/watch?v=K55ypzpjQwg
32,A Man Can't Find What He Needs In The Supermarket,2019-01-28,14:03,https://www.youtube.com/watch?v=dM_hQ7kMYYM
33,A Man Can't Remember Going To His Job,2019-07-22,04:29,https://www.youtube.com/watch?v=R1GaABQhvak
34,A Man Forgets To Put In Hair Product Before An Important Meeting,2019-01-02,20:00,https://www.youtube.com/watch?v=Rt1yXrkwks4
35,A Man Gets Food With A Hair In It,2019-04-29,10:18,https://www.youtube.com/watch?v=-00w-2FXvnY
36,A Man Gets Locked In A Shop After Closing,2019-05-06,29:35,https://www.youtube.com/watch?v=cc-SuOJ-iZQ
37,A Man Goes On A Bus For The First Time In A Long Time,2019-10-28,10:20,https://www.youtube.com/watch?v=vDiHMezRH7o
38,A Man Goes To A Car Boot Sale,2022-05-20,30:01,https://www.youtube.com/watch?v=z_6H4zDHWCQ
39,A Man Hears Jazz Music From His Arse ,2019-10-28,03:21,https://www.youtube.com/watch?v=76aPP1-K_6Y
40,A Man Is Accidentally An Accomplice In A Crime,2019-01-14,14:38,https://www.youtube.com/watch?v=bw4QjpJP4QE
41,A Man Is Inspired To Abruptly Quit His Job,2019-02-15,21:14,https://www.youtube.com/watch?v=5ToeoIQKCmo
42,A Man Plans Their Own Funeral,2022-07-28,20:14,https://www.youtube.com/watch?v=gK34LzMRmt0
43,A Man Takes A Basket Instead Of A Trolley At Tesco's,2019-01-21,15:09,https://www.youtube.com/watch?v=l-sVwFVq2vE
44,A Man Takes Delivery Of An Arcade Cabinet He Didn't Order,2019-09-16,17:04,https://www.youtube.com/watch?v=OipKWbJkZs8
45,A Man Takes Out A Contract On His Gran,2019-05-06,16:37,https://www.youtube.com/watch?v=dRIMd4wdiQE
46,A Man Wakes Up In A Good Mood,2022-02-09,17:07,https://www.youtube.com/watch?v=OcxM-Fm1_qc
47,A Man Who Loves His Bike,2019-04-29,19:26,https://www.youtube.com/watch?v=3TjzT-nBu00
48,A Man Wins Dinner With His Favourite Celeb,2019-01-01,39:57,https://www.youtube.com/watch?v=UTmNUfffQSQ
49,A Man's Voice Assistant Goes Rogue,2019-07-15,45:16,https://www.youtube.com/watch?v=VjGPyGJmLCc
50,A Person Daydreams,2023-12-12,10:57,https://www.youtube.com/watch?v=lvOPmoMPtYs
51,A Rabbit Has An Adventure,2019-02-04,22:12,https://www.youtube.com/watch?v=kDO0giJPR0U
52,A Self Driving Car Takes A Family To A Strange Location,2019-09-16,09:23,https://www.youtube.com/watch?v=p-U_ReAUEzE
53,A Small Town Attempts To Figure Out A Mystery With An Old Man's Bakery,2019-01-02,17:55,https://www.youtube.com/watch?v=OGULjy2c7R0
54,A Story About Stale Bread,2018-12-06,23:17,https://www.youtube.com/watch?v=bqiUVlWJT0o
55,A Wizard Loses His Wand,2019-10-07,02:51,https://www.youtube.com/watch?v=Uk23y4_ntGA
56,Alien Arrives During Middle Ages,2023-05-01,03:36,https://www.youtube.com/watch?v=ufzUOMD1kJE
57,An Angel Bans A Man From Committing Any Acts Of Violence,2019-10-28,02:13,https://www.youtube.com/watch?v=Ph-AcUmAqi4
58,An Online Relationship Gone Wrong?,2022-01-11,03:47,https://www.youtube.com/watch?v=vCcU7Z-MV5Q
59,ASDA Employee Gets Made Redundant,2023-01-25,05:27,https://www.youtube.com/watch?v=kewLxpcwdo8
60,Astronaut Gets Furloughed On Moon,2020-09-11,19:59,https://www.youtube.com/watch?v=x6-5UNKD9wk
61,Audience Member Picked By Magician Tries To Ruin Trick,2019-07-22,16:09,https://www.youtube.com/watch?v=m6d7ginQI3k
62,Bandercraig,2019-02-23,26:19,https://www.youtube.com/watch?v=8-ZC_IVIzCs
63,Barbershop At Sea,2021-11-11,18:21,https://www.youtube.com/watch?v=0lyjtUwN2CU
64,Biker Gang Have A Long Awaited Meet Up,2019-01-03,15:30,https://www.youtube.com/watch?v=trVv6fdR6qA
65,Binman Has Existential Crisis,2022-08-04,01:24,https://www.youtube.com/watch?v=Bz9PxTbhQjg
66,Blind Man Thinks A Strip Club Is The Bank,2019-01-01,05:33,https://www.youtube.com/watch?v=Q6gcCwMXw70
67,Book Signing Goes Wrong,2023-12-04,01:03,https://www.youtube.com/watch?v=yTPZk6yWwTo
68,Boy Goes To English Private School,2021-11-15,14:51,https://www.youtube.com/watch?v=KGtgPwRuFOE
69,Builders Make Discovery On Construction Site,2023-05-30,35:15,https://www.youtube.com/watch?v=fU0v5ATJDaY
70,Bullseye Contestants Don't Want To Gamble For The Star Prize,2019-04-14,21:14,https://www.youtube.com/watch?v=NXDGtPgUm1M
71,Bus Driver Quits,2021-12-15,12:39,https://www.youtube.com/watch?v=nhsHJF4GQo0
72,Buying A Mirror / House Might Be Haunted,2021-06-24,14:32,https://www.youtube.com/watch?v=v23oe5FGqAs
73,Buying A Pair Of Sneakers While Eccied,2022-08-12,02:43,https://www.youtube.com/watch?v=PU-NAf5esSA
74,Captain Picard Visits The Holodeck,2023-07-19,03:58,https://www.youtube.com/watch?v=Y690NiXOfM8
75,Cat Escapes From Home,2021-07-13,11:52,https://www.youtube.com/watch?v=m4wrL159yNQ
76,Cat Sh*ts On Bed,2022-03-17,05:54,https://www.youtube.com/watch?v=ZsRBtWPOyWE
77,Cat Tries Being Human,2022-09-30,04:51,https://www.youtube.com/watch?v=7kQYs6rRBD4
78,Chippy Has No Chips,2021-07-07,02:28,https://www.youtube.com/watch?v=6gNHCAgmC_o
79,Couple Gets Lost In IKEA,2022-05-12,31:49,https://www.youtube.com/watch?v=Vj33VLmH4W8
80,Couple Go Car Shopping,2019-05-20,09:47,https://www.youtube.com/watch?v=TlEDiFJe7Pk
81,Couple Go To Parents' Evening,2022-08-31,06:12,https://www.youtube.com/watch?v=J2izVv8cTHA
82,Couple Rent A Barge,2022-08-19,13:33,https://www.youtube.com/watch?v=_XcvECm5dHE
83,Couple Try Out New Restaurant,2021-11-03,03:06,https://www.youtube.com/watch?v=tc14j2tUCGc
84,Couple Try To Buy A Dishwasher,2019-06-03,28:29,https://www.youtube.com/watch?v=CYx_X2Qcr1I
85,Couple Try To Identify A Smell,2021-09-28,02:06,https://www.youtube.com/watch?v=hqL42zQwG-c
86,Craig Does Some Community Service,2019-09-16,03:28,https://www.youtube.com/watch?v=CcZxFGoTh-M
87,Crew Aboard A Spaceship Reminisce About Earth,2020-10-02,19:57,https://www.youtube.com/watch?v=tBNbmL8OBmY
88,Cyclist Hits Person At Night,2021-12-16,01:14,https://www.youtube.com/watch?v=OK_UgbTwRWg
89,DJ Gets His First Gig,2022-08-18,25:11,https://www.youtube.com/watch?v=woZQ1nyvAqU
90,Dog Finds Dinosaur Bone,2022-01-07,16:57,https://www.youtube.com/watch?v=nclVQJ3NF-Y
91,Dog Follows Man Home,2023-01-05,00:36,https://www.youtube.com/watch?v=sTyzE56pbaM
92,Dog Starts Talking To Owner,2019-01-03,15:35,https://www.youtube.com/watch?v=ZRrwixo_GhE
93,Endless Pee,2019-01-01,07:15,https://www.youtube.com/watch?v=5vmS5fhWFe0
94,Englishman Wakes Up In Glasgow,2021-08-31,12:03,https://www.youtube.com/watch?v=L1Z-PUYWPhI
95,Explosion At A Cheese Factory,2022-08-30,01:05,https://www.youtube.com/watch?v=kgDrMjgSh4Q
96,Fan Turns Up To Streamer's House During Stream,2022-08-16,02:22,https://www.youtube.com/watch?v=r6M0Oc9hsYs
97,Fraudster Gets Rumbled,2021-08-12,16:56,https://www.youtube.com/watch?v=wY6UppWCMdM
98,Friends Break Up Over Something,2022-11-30,03:57,https://www.youtube.com/watch?v=f3PaCt1UqH0
99,Friendship Ends Due To Prank,2023-04-07,05:50,https://www.youtube.com/watch?v=38BIFin5BHI
100,Gatwick Drones Solution,2018-12-23,12:24,https://www.youtube.com/watch?v=-34ehxJwoEU
101,Gerard Butler Gets Caught Shoplifting In Scotmid,2019-06-10,28:52,https://www.youtube.com/watch?v=DFXii6F7haM
102,Glasgow Man Visits Art Gallery,2022-08-01,01:25,https://www.youtube.com/watch?v=4OdJfBWy4xM
103,Glasgow Uni Student On Work Experience In The Barras,2019-01-21,25:00,https://www.youtube.com/watch?v=KDcVkrMJzbw
104,Glesga Man Gets Lost In A Bad Area Of New York,2019-01-03,07:35,https://www.youtube.com/watch?v=rbQKJjGcf3I
105,Glesga Man Wakes Up In Tokyo,2019-10-07,06:59,https://www.youtube.com/watch?v=NX-cy-wMHK0
106,Granny Buys A Boat,2021-07-26,21:00,https://www.youtube.com/watch?v=oZ_z2zenn0A
107,Guy Accidentally Offends People All The Time,2019-01-14,10:19,https://www.youtube.com/watch?v=j1NxVCW0Ur0
108,Guy Bumps Into Relative He Doesn't Want To Chat To,2019-02-23,10:53,https://www.youtube.com/watch?v=VSa05T80kXw
109,Guy Faces His Fear Of Heights,2019-04-29,13:31,https://www.youtube.com/watch?v=UUtlNJ5PZHw
110,Guy Finds A Phone On The Street,2019-02-04,08:05,https://www.youtube.com/watch?v=Lk_sLPdQJD8
111,Guy Finds Some False Teeth,2019-05-20,02:56,https://www.youtube.com/watch?v=D-hPIOBb-SA
112,Guy Finds Unknown Item In Fridge,2019-06-17,14:53,https://www.youtube.com/watch?v=YUgP5_cD1SE
113,Guy Finds W*nking Den Destroyed,2019-10-14,07:10,https://www.youtube.com/watch?v=Byf1hYs9Y_Q
114,Guy Gets Barred From A Pub,2019-01-14,12:16,https://www.youtube.com/watch?v=-N7b5zVyl_E
115,Guy Goes For A Haircut But He's Bald,2022-04-13,03:49,https://www.youtube.com/watch?v=QybjAv6FLi0
116,Guy Goes To Meet Girlfriend's Parents For The First Time,2019-01-28,21:45,https://www.youtube.com/watch?v=esdqLpNybpU
117,Guy Goes To The Shows,2023-09-01,15:20,https://www.youtube.com/watch?v=4-6cx3EBxFM
118,Guy In Restaurant Not Happy With Waiter,2021-08-16,13:54,https://www.youtube.com/watch?v=f8S_vTX8T0g
119,Guy Lies About Qualification For Job Interview,2019-01-21,24:54,https://www.youtube.com/watch?v=2Jc3vpFr9w4
120,Guy Makes Friends With His Sleep Paralysis Demon,2022-08-29,08:17,https://www.youtube.com/watch?v=iFzVcxYYocc
121,Guy Misses Flight,2020-07-29,11:37,https://www.youtube.com/watch?v=xjwvdeFDxyw
122,Guy Phones In Sick,2022-10-06,07:14,https://www.youtube.com/watch?v=5uPet7iwINs
123,Guy Says It To His Face,2022-03-15,10:17,https://www.youtube.com/watch?v=4sjE9mZZ7Q4
124,Guy Tries To Fix His Own Garage Roof,2020-08-17,15:10,https://www.youtube.com/watch?v=UykP86bM7c8
125,Guy Wakes Up With High Pitched Voice,2022-09-05,08:55,https://www.youtube.com/watch?v=LhfWcYv9Q6s
126,Hill Under Edinburgh Castle Erupts,2019-06-24,19:39,https://www.youtube.com/watch?v=pubpjy6m8-g
127,Hitman Comes Out Of Retirement For One Last Job,2019-05-27,27:29,https://www.youtube.com/watch?v=jY-pFFOPhmA
128,Hotel Housekeeper Finds A Secret Room,2023-05-26,11:43,https://www.youtube.com/watch?v=X4SG1QFSy-U
129,Influencer Does First Paid Ad #Ad,2022-09-14,21:13,https://www.youtube.com/watch?v=ME0PA4qsIdU
130,Jumpers,2019-08-15,18:52,https://www.youtube.com/watch?v=dAK5ToaXSh4
131,Kid Gets A Surprise In His Sandwich Box,2019-01-01,13:16,https://www.youtube.com/watch?v=bQ-ajDyUuzM
132,Kid Loses Pet Hamster,2022-10-26,02:56,https://www.youtube.com/watch?v=NilDa6sC1Gw
133,Lead Singer Quits Band,2022-12-01,05:02,https://www.youtube.com/watch?v=7fRym8UxV7c
134,Lorry Driver Picks Up A Hitch-Hiker,2019-09-30,06:09,https://www.youtube.com/watch?v=c45ix_SvfrE
135,Magic Rug In Forest,2019-01-03,27:47,https://www.youtube.com/watch?v=9RFiZGykOb0
136,Man Abducted By Aliens,2022-01-05,13:40,https://www.youtube.com/watch?v=pk6TxyC6JBw
137,Man Accidentally Creates Evil Clone Of Himself,2023-04-13,03:48,https://www.youtube.com/watch?v=wYEDcL0YEu4
138,Man Accidentally Gets On Reality Show,2019-06-03,21:21,https://www.youtube.com/watch?v=CRm_9a126no
139,Man Accidentally Joins The Queue,2022-09-19,06:35,https://www.youtube.com/watch?v=BpOUkHuP614
140,Man Accidentally Joins World Famous Rock Band,2020-06-30,10:36,https://www.youtube.com/watch?v=jhrtV4in9f8
141,Man Addicted To Stealing From Local Shop,2022-08-10,03:16,https://www.youtube.com/watch?v=AU6hOqP6-s4
142,Man Adopts A Cat,2022-10-19,12:45,https://www.youtube.com/watch?v=-yQ6wX8TzTs
143,Man Adopts A Parrot,2023-08-14,06:43,https://www.youtube.com/watch?v=g-elsmId1g8
144,Man Adopts Pig,2023-08-10,22:58,https://www.youtube.com/watch?v=W48KQ_AuyU4
145,Man And His Family Encounter Wild Horse,2023-10-04,13:55,https://www.youtube.com/watch?v=tf2rA5t_4T8
146,Man Apologises,2022-09-07,04:48,https://www.youtube.com/watch?v=2niX2KnLUNU
147,Man Approached By Modelling Agency,2022-08-25,04:27,https://www.youtube.com/watch?v=jAKmxPZgr2I
148,Man Asks Get Given Wrong Advice,2022-07-27,02:24,https://www.youtube.com/watch?v=mZLQG1XEW0A
149,Man Asks Girl Out On A Date,2022-09-06,07:00,https://www.youtube.com/watch?v=hbRQRYlu17A
150,Man At Court With Hangover,2021-06-23,17:49,https://www.youtube.com/watch?v=CyzHCEQ0EyU
151,Man Attempts To Write Romance Novel,2022-05-03,27:06,https://www.youtube.com/watch?v=_LmlDd63hig
152,Man Auditions For Band,2022-11-04,24:03,https://www.youtube.com/watch?v=XMC9wBsRFV4
153,Man Auditions To Be New James Bond,2022-01-13,18:49,https://www.youtube.com/watch?v=NjVl4CCt7Uw
154,Man Badly Needs A Pen,2019-05-20,00:59,https://www.youtube.com/watch?v=yRHmQ_Wv_Tc
155,Man Bans Full Chat,2023-05-08,13:53,https://www.youtube.com/watch?v=GjCuYBFrAY4
156,Man Becomes A Local Celebrity Much To His Chagrin,2019-05-06,20:28,https://www.youtube.com/watch?v=jDT6d8pP8uE
157,Man Becomes Famous Musician,2022-12-06,11:38,https://www.youtube.com/watch?v=ThAwoydy-IA
158,Man Becomes Member Of Live Studio Audience,2022-11-21,19:02,https://www.youtube.com/watch?v=Ek75jaPLJXw
159,Man Becomes Pro Wrestler,2021-10-29,21:38,https://www.youtube.com/watch?v=piL_1dnih48
160,Man Becomes Pro Wrestler And Wins It All,2022-03-28,16:13,https://www.youtube.com/watch?v=BVzlqEMSUC4
161,Man Becomes What He Hates,2021-11-29,09:54,https://www.youtube.com/watch?v=tzYdmjrTZPA
162,Man Befriends Swan,2023-05-22,07:37,https://www.youtube.com/watch?v=M_lh7z6XmkY
163,Man Befriends Wild Animal,2022-03-07,03:20,https://www.youtube.com/watch?v=26lVWHTKl7E
164,Man Bites Tongue,2023-09-25,00:54,https://www.youtube.com/watch?v=GV_R8RFv7Ng
165,Man Boards Wrong Train,2023-11-21,18:53,https://www.youtube.com/watch?v=CdX8bBp2Jhc
166,Man Books Holiday,2022-06-28,20:32,https://www.youtube.com/watch?v=m7-l9qoQ6xY
167,Man Bothered By Overly Friendly Neighbour,2022-02-01,36:36,https://www.youtube.com/watch?v=9eWJ8OsrqXY
168,Man Breaks A Promise,2020-07-30,09:53,https://www.youtube.com/watch?v=SP6nSf-Oq1A
169,Man Breaks Down On Motorway,2020-11-26,03:04,https://www.youtube.com/watch?v=WjcIivIIQI4
170,Man Breaks Favourite Mug,2022-01-03,10:25,https://www.youtube.com/watch?v=XPXWVC3h3NQ
171,Man Breaks Heart,2022-01-31,14:04,https://www.youtube.com/watch?v=ZEAwDveB7Zk
172,Man Breaks Kettle,2022-08-22,08:57,https://www.youtube.com/watch?v=1ExDGf9OWhY
173,Man Breaks The Sound Barrier,2023-02-10,12:58,https://www.youtube.com/watch?v=3FA46IXf_Bg
174,Man Builds A Robot,2019-01-14,26:21,https://www.youtube.com/watch?v=SiOkev-xYNs
175,Man Builds A Theme Park,2019-06-10,15:35,https://www.youtube.com/watch?v=VG9kGDEiWHQ
176,Man Builds Kite,2022-04-05,16:58,https://www.youtube.com/watch?v=ZK7uMGLbwj8
177,Man Builds Shed,2022-03-08,20:22,https://www.youtube.com/watch?v=aT-9xNai5-0
178,Man Builds Snowman For The First Time,2020-12-16,42:44,https://www.youtube.com/watch?v=tioOlA4t1Pg
179,Man Buys 3D Printer,2023-05-09,12:30,https://www.youtube.com/watch?v=_pGLhe_IJBM
180,Man Buys A Bottle Of Wine,2023-08-04,02:08,https://www.youtube.com/watch?v=VlePmB6nAPw
181,Man Buys A Dragon,2023-04-12,10:35,https://www.youtube.com/watch?v=Nc1wufi19WU
182,Man Buys A Magic Fur Coat,2023-02-15,11:09,https://www.youtube.com/watch?v=4SDeUNTbJxM
183,Man Buys A New Car,2022-05-24,02:04,https://www.youtube.com/watch?v=WBQxnwtarng
184,Man Buys A New Lawnmower,2023-02-24,11:22,https://www.youtube.com/watch?v=-qPLJU6Nt4g
185,Man Buys A Newsagents,2020-07-01,08:36,https://www.youtube.com/watch?v=K9dVE7cOQso
186,Man Buys A Table,2021-07-29,35:27,https://www.youtube.com/watch?v=zzcElTqpvFE
187,Man Buys A Wee Chippy Van,2019-05-06,37:52,https://www.youtube.com/watch?v=rWcYaWw5nv8
188,Man Buys Aquarium,2021-12-10,07:05,https://www.youtube.com/watch?v=rTm_JdSCAR0
189,Man Buys Bicycle That Doesn't Work,2022-10-24,18:55,https://www.youtube.com/watch?v=XaxqfhVZ9_w
190,Man Buys Bread,2021-09-02,01:46,https://www.youtube.com/watch?v=FohYWm7ts0E
191,Man Buys Burger Van,2021-06-30,14:30,https://www.youtube.com/watch?v=wL5oeNi3CFs
192,Man Buys Car And Gets Surprise,2023-01-12,11:55,https://www.youtube.com/watch?v=mMq2RByDR_Y
193,Man Buys Cat,2022-02-02,25:33,https://www.youtube.com/watch?v=zkDFyOKxRM4
194,Man Buys Coffee On Way To Office,2021-08-11,18:23,https://www.youtube.com/watch?v=e6N3hfzAWAY
195,Man Buys Cow,2019-06-24,29:27,https://www.youtube.com/watch?v=6mecg_rIdtI
196,Man Buys Exotic Pet,2022-08-26,02:25,https://www.youtube.com/watch?v=DFZY5pfTYdE
197,Man Buys Garden Plot,2022-11-11,07:13,https://www.youtube.com/watch?v=BTo-PaMp7K4
198,Man Buys Hair Transplant,2023-01-09,10:41,https://www.youtube.com/watch?v=72IsBxkWNaw
199,Man Buys His First Boat,2023-06-15,10:06,https://www.youtube.com/watch?v=b13FJvFRaAk
200,Man Buys Ice Lolly,2021-07-21,19:36,https://www.youtube.com/watch?v=LU-0WK0TACQ
201,Man Buys Kids Expensive Toy,2023-08-15,06:58,https://www.youtube.com/watch?v=LNztoyk9yaY
202,Man Buys Lamp,2020-12-03,17:06,https://www.youtube.com/watch?v=1bfK1wfJyyc
203,Man Buys Megaphone,2021-08-06,22:08,https://www.youtube.com/watch?v=zERwmimkiro
204,Man Buys Motorbike,2022-10-13,24:18,https://www.youtube.com/watch?v=u_D8_3Yic4M
205,Man Buys New Camera,2022-11-23,14:58,https://www.youtube.com/watch?v=v89iO7xUdvg
206,Man Buys New Car,2022-02-24,19:45,https://www.youtube.com/watch?v=20bXdwj_gqA
207,Man Buys New Fruit,2022-07-29,08:17,https://www.youtube.com/watch?v=Mk_b8W5XR7w
208,Man Buys New Hedge Trimmer,2023-07-28,08:55,https://www.youtube.com/watch?v=PtCr9WvxTWI
209,Man Buys New Spatula,2022-04-08,00:30,https://www.youtube.com/watch?v=9hPgEeuqCSw
210,Man Buys New Tap,2023-11-14,02:35,https://www.youtube.com/watch?v=KJ_VOwUwLbo
211,Man Buys New TV,2023-10-23,06:57,https://www.youtube.com/watch?v=uGyLt1VA8i4
212,Man Buys New Washing Machine,2023-01-18,28:17,https://www.youtube.com/watch?v=AETNhtT2k9o
213,Man Buys Paint,2022-11-15,13:12,https://www.youtube.com/watch?v=UnS_5En05RI
214,Man Buys Paint,2020-12-17,37:55,https://www.youtube.com/watch?v=4kXpi9RIgn0
215,Man Buys Pet Snail,2022-01-12,12:53,https://www.youtube.com/watch?v=01BOHvA4a6I
216,Man Buys Puppy,2021-09-09,04:55,https://www.youtube.com/watch?v=Q9fbZ5WtNrc
217,Man Buys Second Hand Camera,2022-09-12,07:11,https://www.youtube.com/watch?v=EK1FYddoEkQ
218,Man Buys The Wrong Present,2021-10-04,24:56,https://www.youtube.com/watch?v=DzXciq7DDdM
219,Man Buys Tractor,2021-08-19,39:27,https://www.youtube.com/watch?v=dur8FZTnvfo
220,Man Buys Used Car,2021-11-22,18:31,https://www.youtube.com/watch?v=fxwODzj2zAA
221,Man Buys VR Headset,2021-08-05,43:08,https://www.youtube.com/watch?v=DOEKzRn3xBo
222,Man Buys Weird Fruit,2023-03-20,04:19,https://www.youtube.com/watch?v=--V8M1Cm7tM
223,Man Buys Wrong Toaster,2022-11-29,06:49,https://www.youtube.com/watch?v=QNwYTNX9FnU
224,Man Calls Into The Radio,2021-08-04,07:31,https://www.youtube.com/watch?v=-KWO28wqzAo
225,Man Can't Believe His Luck,2023-10-02,00:33,https://www.youtube.com/watch?v=ePh3SIv78yQ
226,Man Can't Find End Of Roll Of Sellotape,2021-10-06,18:57,https://www.youtube.com/watch?v=Mve2JpZZwj4
227,Man Can't Find His Socks,2021-12-06,05:22,https://www.youtube.com/watch?v=U7v6sWR5NOQ
228,Man Can't Find Pen To Write Number During Phonecall,2021-01-08,20:01,https://www.youtube.com/watch?v=vJypNEAAOxo
229,Man Can't Get Ice Skates Off Ever,2022-12-15,04:38,https://www.youtube.com/watch?v=xkrzShBvgwc
230,Man Can't Make Dinner,2023-10-24,01:45,https://www.youtube.com/watch?v=i4MKKvqjKbs
231,Man Can't Remember Really Good Idea He Had,2022-11-10,02:06,https://www.youtube.com/watch?v=Dd_yIBQN9M0
232,Man Can't Remember Where He Parked,2022-05-17,12:52,https://www.youtube.com/watch?v=nThBEsGvci4
233,Man Can't Sleep Because Of Neighbour,2022-03-29,03:15,https://www.youtube.com/watch?v=zCZit40L4jc
234,Man Cancelled For A Crime He Didn't Commit,2019-05-13,19:31,https://www.youtube.com/watch?v=hBATQdCljgo
235,Man Cannae Handle A Joke,2023-12-07,02:03,https://www.youtube.com/watch?v=Ma6nnklYaSw
236,Man Catches Sleeve On Door Handle,2023-11-28,01:39,https://www.youtube.com/watch?v=SrF7udL2_XI
237,Man Causes Natural Disaster,2023-05-05,02:20,https://www.youtube.com/watch?v=FslenRP_pSY
238,Man Celebrates Birthday Alone,2022-03-25,04:52,https://www.youtube.com/watch?v=yUw4VJhews0
239,Man Celebrates Christmas Early,2023-11-17,13:28,https://www.youtube.com/watch?v=KYMUxArlTA8
240,Man Changes Lightbulb,2023-09-27,10:54,https://www.youtube.com/watch?v=NIwX86fFZb4
241,Man Changes Name By Deed Poll,2022-06-13,07:02,https://www.youtube.com/watch?v=kKxNn3IXlhk
242,Man Changes Name By Deed Poll,2019-07-15,16:42,https://www.youtube.com/watch?v=oc35KTr8y4s
243,Man Chops Down Tree,2020-12-29,13:22,https://www.youtube.com/watch?v=BsaPbAFeq6E
244,Man Chops Firewood,2022-12-08,12:33,https://www.youtube.com/watch?v=xviww0nYMOA
245,Man Cleans His Fridge,2020-12-02,19:44,https://www.youtube.com/watch?v=0umDI-fHc4g
246,Man Cleans The House,2021-12-17,05:15,https://www.youtube.com/watch?v=z0zEXNQfzxY
247,Man Clears Out His Fridge,2021-07-12,04:48,https://www.youtube.com/watch?v=rEVHYRxcLFo
248,Man Climbs Ben Nevis For Charity,2022-06-16,07:42,https://www.youtube.com/watch?v=RSM9bGeECPk
249,Man Collects His Debts,2023-01-10,08:43,https://www.youtube.com/watch?v=DasvyTvsZhI
250,Man Comes Back From Vietnam,2019-01-14,01:30,https://www.youtube.com/watch?v=NaOEjFt6BZo
251,Man Continues Job After Being Fired,2023-07-12,06:10,https://www.youtube.com/watch?v=f5yYg2hBshE
252,Man Covets His Neighbour's Goods,2023-03-02,21:59,https://www.youtube.com/watch?v=PXB_HXTUBaA
253,Man Crashes Bus,2023-01-04,12:58,https://www.youtube.com/watch?v=5gBS0pv619g
254,Man Crashes Party,2022-07-12,09:19,https://www.youtube.com/watch?v=mGA9pSN9imE
255,Man Crosses The Line,2022-10-03,10:49,https://www.youtube.com/watch?v=Ocf1Bh74VEM
256,Man Dances With Busker,2023-07-21,08:07,https://www.youtube.com/watch?v=-XtC9f_0994
257,Man Decides To Fight Crime,2019-04-29,15:59,https://www.youtube.com/watch?v=J88glptHe54
258,Man Decides To Give Busking A Go,2021-02-04,23:11,https://www.youtube.com/watch?v=j8w549PS4CU
259,Man Decides To Live In The Wilderness,2019-02-11,20:46,https://www.youtube.com/watch?v=ajIpVTkzxGg
260,Man Decides To Start His Own Twitch Stream,2023-11-27,01:15,https://www.youtube.com/watch?v=YNAT5gHbxgU
261,Man Decides To Swim The English Channel,2020-06-26,05:50,https://www.youtube.com/watch?v=bIKSooD0iW0
262,Man Defrosts Freezer,2023-02-07,04:54,https://www.youtube.com/watch?v=WU1QH3Rzno4
263,Man Develops Hybrid Accent,2023-03-28,01:27,https://www.youtube.com/watch?v=DPzkJdJ3xao
264,Man Dies At Work,2020-09-03,08:22,https://www.youtube.com/watch?v=z5bmubG6b64
265,Man Dies On First Day Of Stag Do,2019-02-11,15:21,https://www.youtube.com/watch?v=PEsgHGZfLXU
266,Man Disagrees With Taxi Driver,2023-10-13,06:23,https://www.youtube.com/watch?v=u0mXwoB3pZg
267,Man Discovers He Has A Twin,2023-02-01,02:46,https://www.youtube.com/watch?v=9lr2HvK9vCg
268,Man Discovers He Has Superpowers,2022-04-12,01:05,https://www.youtube.com/watch?v=2Z79ftJnguk
269,Man Discovers He's A Centrefold In A Magazine,2020-08-26,18:16,https://www.youtube.com/watch?v=VqIOsC2VmRg
270,Man Discovers Hidden Room In His House,2022-05-11,07:19,https://www.youtube.com/watch?v=HpqhSDYNAoY
271,Man Discovers His Accent Has Changed,2022-08-15,01:47,https://www.youtube.com/watch?v=6ucBUbKJR2A
272,Man Discovers Magic Golf Club,2023-01-24,18:34,https://www.youtube.com/watch?v=96BD1zbsp3Q
273,Man Discovers Meal Deal In Ireland,2023-08-22,08:18,https://www.youtube.com/watch?v=4ZO5bM-bcWY
274,Man Discovers Mysterious Fruit At Supermarket,2020-12-01,19:23,https://www.youtube.com/watch?v=v0HtONd3pvo
275,Man Discovers New Colour,2022-01-19,03:35,https://www.youtube.com/watch?v=T_lP1opoQNg
276,Man Discovers New Use For Paper Mache,2020-06-18,09:51,https://www.youtube.com/watch?v=_gcr156xnhU
277,Man Discovers Secret Passage In Flat,2022-04-29,12:09,https://www.youtube.com/watch?v=VbJ9igJ7Vm0
278,Man Ditches His Own Wedding Halfway Through,2023-11-23,01:40,https://www.youtube.com/watch?v=c7E5mEy-VTA
279,Man Does His First Ever Improv,2022-06-30,10:35,https://www.youtube.com/watch?v=o1oQbm-FQcI
280,Man Does His Own Improv,2023-01-17,11:10,https://www.youtube.com/watch?v=MLt-abpHl6A
281,Man Doesn't Understand Banks,2022-06-08,0.:16,https://www.youtube.com/watch?v=e_XaYSp5wZ0
282,Man Downloads Wrong Dating App,2022-03-11,12:22,https://www.youtube.com/watch?v=E7ZnsP_iKCs
283,Man Drinks Energy Drink,2021-06-04,25:42,https://www.youtube.com/watch?v=i5udfJJohng
284,Man Drops Everything,2021-12-23,06:00,https://www.youtube.com/watch?v=yCbDJvrqIkw
285,Man Drops His Ice Cream (INCOMPLETE),2019-03-11,25:54,https://www.youtube.com/watch?v=LgftnyOdLxk
286,Man Drops Mug,2022-05-30,05:35,https://www.youtube.com/watch?v=XEsbnGO9ExQ
287,Man Drops Phone Down Toilet,2022-06-07,13:49,https://www.youtube.com/watch?v=DaZRVl-VBNc
288,Man Eats Coworker's Lunch,2023-10-09,01:51,https://www.youtube.com/watch?v=EuRevKRJYM8
289,Man Eats Mouldy Toast,2022-04-18,24:00,https://www.youtube.com/watch?v=2tz4KfL3EOo
290,Man Encounters Off Leash Dog,2022-12-13,10:24,https://www.youtube.com/watch?v=yfCrefbcG-8
291,Man Encounters Online Troll,2022-12-05,01:10,https://www.youtube.com/watch?v=1hK38mqP2XY
292,Man Enters Eating Contest,2021-08-27,31:24,https://www.youtube.com/watch?v=rqOreXxbeTo
293,Man Enters Isle Of Man TT,2023-03-06,10:38,https://www.youtube.com/watch?v=9t9Y6rvOpd8
294,Man Enters Meat Raffle,2021-06-28,22:35,https://www.youtube.com/watch?v=zUvxsgmixI0
295,Man Experiences Heartburn For The First Time,2019-01-28,13:21,https://www.youtube.com/watch?v=QVCTFq39iHU
296,Man Fails Routine House Inspection,2021-09-02,11:37,https://www.youtube.com/watch?v=sSCmWTGhuU8
297,Man Falls,2023-07-20,04:58,https://www.youtube.com/watch?v=nCOO7YUKh14
298,Man Falls Asleep At Work,2022-01-04,23:01,https://www.youtube.com/watch?v=te65roQw520
299,Man Falls Down A Drain,2019-02-23,10:40,https://www.youtube.com/watch?v=x0F5X5polS8
300,Man Falls Down Hole,2023-04-27,01:53,https://www.youtube.com/watch?v=2_50uY8ixR8
301,Man Falls Down Hole To Another World,2019-05-27,06:30,https://www.youtube.com/watch?v=rvVHlGMGKl0
302,Man Falls Ill,2023-11-09,03:02,https://www.youtube.com/watch?v=rcf2cGiiSUE
303,Man Falls In A Canal,2018-10-28,21:41,https://www.youtube.com/watch?v=DXhrfH51Bkc
304,Man Falls In Canal / Breaks His Umbrella,2022-02-04,20:53,https://www.youtube.com/watch?v=4WZapz2HzTY
305,Man Falls In Love With Himself,2019-06-24,06:40,https://www.youtube.com/watch?v=p-ojoMJcayk
306,Man Falls In Love With The Postman,2019-09-23,02:44,https://www.youtube.com/watch?v=fK481bgLLrU
307,Man Falls Into Pool,2023-12-08,02:34,https://www.youtube.com/watch?v=HG9bTN5IN_s
308,Man Falls Off Bike,2023-04-21,02:33,https://www.youtube.com/watch?v=CVMFiiaobJg
309,Man Falls Off Bike,2021-09-15,09:15,https://www.youtube.com/watch?v=VDiUg0Vn2XA
310,Man Falls Out Of Plane,2023-12-11,00:23,https://www.youtube.com/watch?v=7LOg94r3J3Y
311,Man Falls Over,2020-09-02,09:41,https://www.youtube.com/watch?v=cuC6EsUh17g
312,Man Finds 100 Diamonds,2023-11-29,03:02,https://www.youtube.com/watch?v=WDF1xNkQF2U
313,Man Finds A Fiver,2020-07-27,06:43,https://www.youtube.com/watch?v=1VqtSf-EZQs
314,Man Finds a Handbag,2018-12-24,17:48,https://www.youtube.com/watch?v=zU3htELTYdo
315,Man Finds A Leprechaun,2023-09-14,21:43,https://www.youtube.com/watch?v=IusmpAPerAw
316,Man Finds A Magic Rubik's Cube,2019-09-23,08:23,https://www.youtube.com/watch?v=0ErrOYhSou4
317,Man Finds A New Website,2023-10-25,08:11,https://www.youtube.com/watch?v=XwnNY5YXLq8
318,Man Finds A Shoe In His Garden,2021-07-19,17:03,https://www.youtube.com/watch?v=mLJr2aLe048
319,Man Finds A Wishing Well,2020-09-17,22:23,https://www.youtube.com/watch?v=JBzzX-baH04
320,Man Finds An Old Book,2019-06-03,05:06,https://www.youtube.com/watch?v=kKBEYdnPsKU
321,Man Finds Black Hole In A Pork Pie,2019-07-22,15:28,https://www.youtube.com/watch?v=MNTae-4MUgI
322,Man Finds Black Hole In Pocket,2023-08-21,02:25,https://www.youtube.com/watch?v=76fNhdni00s
323,Man Finds Blood On Bog Roll,2022-04-15,09:21,https://www.youtube.com/watch?v=v7FFPQPgdlc
324,Man Finds Clown Shoes,2023-12-06,08:21,https://www.youtube.com/watch?v=7owLgkRv_cE
325,Man Finds Doubloons,2022-05-26,06:09,https://www.youtube.com/watch?v=MBp3b_vKDv0
326,Man Finds Front Door Open,2023-06-06,03:26,https://www.youtube.com/watch?v=uEMyModzf_E
327,Man Finds God,2022-04-11,03:27,https://www.youtube.com/watch?v=i7tODrl8vE0
328,Man Finds Greenhouse,2023-07-10,04:11,https://www.youtube.com/watch?v=bmemogUx1h4
329,Man Finds Hidden Room In His House,2023-05-18,04:37,https://www.youtube.com/watch?v=ib4_RR6fpFc
330,Man Finds Himself Alone In A Field,2021-01-04,17:18,https://www.youtube.com/watch?v=0jd_fxaMQ-Y
331,Man Finds Himself In The Wrong Place At The Wrong Time,2019-07-29,20:29,https://www.youtube.com/watch?v=IhGdJrcKQDQ
332,Man Finds Himself Locked In Buchanan Galleries Overnight  ,2019-10-28,09:38,https://www.youtube.com/watch?v=mTlhVXZPz9I
333,Man Finds His Accent Changing,2019-05-20,02:06,https://www.youtube.com/watch?v=WqQDJSv4HqE
334,Man Finds His Car Stolen,2023-07-25,03:59,https://www.youtube.com/watch?v=iGh-73kvC6o
335,Man Finds Hole In Cupboard,2019-09-23,17:38,https://www.youtube.com/watch?v=nCVF3rfwpPE
336,Man Finds Human Skull On Beach,2022-04-26,15:42,https://www.youtube.com/watch?v=QuD2rVGl10U
337,Man Finds Letter,2022-05-18,03:27,https://www.youtube.com/watch?v=lrwE6esjFus
338,Man Finds Lucky Coin,2023-09-26,04:04,https://www.youtube.com/watch?v=mCxiP2MCyMs
339,Man Finds Magic Box,2021-11-23,18:04,https://www.youtube.com/watch?v=VPN5zp7-zKU
340,Man Finds Map,2023-03-23,13:40,https://www.youtube.com/watch?v=eb7ATnBDUvE
341,Man Finds Money Mistakenly Deposited Into His Account. Spends It,2019-01-07,27:04,https://www.youtube.com/watch?v=ntE56jSn1Ck
342,Man Finds Mysterious Hole In Trousers,2019-02-04,22:14,https://www.youtube.com/watch?v=1_1IqmMGvKI
343,Man Finds Mystery Pipe Under Floorboards,2020-12-22,26:22,https://www.youtube.com/watch?v=ngEMA4_Pggo
344,Man Finds Note On Front Door,2023-06-21,14:12,https://www.youtube.com/watch?v=WvKlp125gA8
345,Man Finds Out He Has Less Than 15 Minutes To Live,2022-10-05,12:18,https://www.youtube.com/watch?v=I8Fjuj4LEu8
346,Man Finds Out He's Next In Line To The Throne,2023-10-11,03:09,https://www.youtube.com/watch?v=rMBzXAzLMyM
347,Man Finds Packet Pills On The Road,2023-02-03,01:32,https://www.youtube.com/watch?v=k3RZPn-EVwY
348,Man Finds Pencil Without Rubber End,2022-06-15,26:17,https://www.youtube.com/watch?v=V3X9wgc7p1I
349,Man Finds Printer,2019-04-29,31:38,https://www.youtube.com/watch?v=Tt96Vm1UR7c
350,Man Finds Pristine 80s Skateboard In Attic,2019-02-18,15:35,https://www.youtube.com/watch?v=YL_QexBZLCQ
351,Man Finds Secret Room In Maw's Hoose,2021-11-24,20:02,https://www.youtube.com/watch?v=0o0HODwzEEE
352,Man Finds Someone Hiding In His House,2021-06-15,20:24,https://www.youtube.com/watch?v=0X3pmEry6-0
353,Man Finds Something Behind His Couch,2020-12-07,27:42,https://www.youtube.com/watch?v=W0DBoxBxOq4
354,Man Finds Something In Attic,2021-08-10,03:59,https://www.youtube.com/watch?v=FluQgwVfB9c
355,Man Finds Something In His Storage Container,2021-06-16,13:00,https://www.youtube.com/watch?v=APkLtp6lcGQ
356,Man Finds Something Unexpected In Birthday Cake,2022-10-20,16:53,https://www.youtube.com/watch?v=qjDfrxXRR5k
357,Man Finds Spoon,2023-01-31,12:38,https://www.youtube.com/watch?v=M1EzfXUEV3Y
358,Man Finds Strange Contraption Under Bed,2022-04-14,13:12,https://www.youtube.com/watch?v=6w1h7-yDmdQ
359,Man Finds Treasure Map,2021-12-24,12:02,https://www.youtube.com/watch?v=78e8w3UHc6Q
360,Man Finds Trombone,2023-02-21,03:05,https://www.youtube.com/watch?v=VkIa5ewsw0w
361,Man Finds USB Port Down An Alley,2023-07-18,07:08,https://www.youtube.com/watch?v=ipwdFsLWTuc
362,Man Fins Alien,2023-04-25,01:10,https://www.youtube.com/watch?v=qXhbQlkP0lk
363,Man Follows Wife He Suspects Of Cheating,2019-01-07,04:19,https://www.youtube.com/watch?v=CBqCcMsW2yE
364,Man Forgets About Valentine's Day,2019-02-11,20:24,https://www.youtube.com/watch?v=8ZaI5vzTiDY
365,Man Forgets Coat,2022-12-20,00:09,https://www.youtube.com/watch?v=DK_X-yUBfV0
366,Man Forgets Coat,2022-12-19,00:38,https://www.youtube.com/watch?v=8IhGIZHXHSg
367,Man Forgets To Claim Prize,2021-09-22,04:46,https://www.youtube.com/watch?v=K57NqmHcYIU
368,Man Forgets To Wear His Belt,2021-08-09,20:40,https://www.youtube.com/watch?v=KeTETDgROHU
369,Man Forgets Who He Is During A Job Interview,2022-02-17,09:06,https://www.youtube.com/watch?v=4mEU1Abw0aI
370,Man Forgets Wife's Birthday,2022-05-06,01:30,https://www.youtube.com/watch?v=BjKH6gjfX1o
371,Man Forgets Word For Toilet,2023-02-28,01:26,https://www.youtube.com/watch?v=gu-wkqJjEDc
372,Man Forgotten By Everyone,2022-09-16,04:16,https://www.youtube.com/watch?v=mFC5avytHjM
373,Man Forwards Email,2022-11-24,16:54,https://www.youtube.com/watch?v=xheQTmSdZ9A
374,Man Freezes During Interview,2020-07-21,18:51,https://www.youtube.com/watch?v=-cbP6edTSUM
375,Man Frightens Dog,2019-09-23,04:45,https://www.youtube.com/watch?v=qOLWgFKzPUU
376,Man Gets A Bird Feeder,2023-06-02,06:25,https://www.youtube.com/watch?v=4iLoiXhOH-M
377,Man Gets A Dodgy New Flatmate,2021-11-12,02:21,https://www.youtube.com/watch?v=RGWhsFI-rLw
378,Man Gets A Hearing Test,2019-05-20,11:45,https://www.youtube.com/watch?v=Z7QhPMKGSnQ
379,Man Gets A New Boiler,2023-10-03,02:41,https://www.youtube.com/watch?v=fsK8O10Mv18
380,Man Gets A New Mirror For His House,2020-12-23,34:09,https://www.youtube.com/watch?v=eTh2qRQJw08
381,Man Gets Appreciated,2023-10-06,02:05,https://www.youtube.com/watch?v=E3c8KksDMB4
382,Man Gets Away With A Crime,2021-11-09,04:42,https://www.youtube.com/watch?v=k0ruXe4LWZw
383,Man Gets Betrayed By His Favourite Musician,2023-03-09,10:50,https://www.youtube.com/watch?v=vYfkAz7549c
384,Man Gets Bicycle Stolen,2021-10-28,11:54,https://www.youtube.com/watch?v=XV7WBRihUbM
385,"Man Gets Car For Verification, I e MOT",2022-12-02,22:15,https://www.youtube.com/watch?v=z6VPAlu_jAA
386,Man Gets Caught Stealing Eggs From Neighbour's Home,2023-08-08,01:51,https://www.youtube.com/watch?v=DdLSz8uVxBo
387,Man Gets Chicken Pox,2022-06-14,03:54,https://www.youtube.com/watch?v=SSPLTRj5OC4
388,Man Gets Exactly What He Wants,2022-09-09,17:46,https://www.youtube.com/watch?v=BbRK_jPA0N4
389,Man Gets Feet Transplanted To Hands,2022-03-30,01:00,https://www.youtube.com/watch?v=OsMmr19lIo8
390,Man Gets Fence Built Around Garden,2020-12-09,43:56,https://www.youtube.com/watch?v=p2ET9oQ1xt0
391,Man Gets Fired From Job For Not Shutting Up About Elden Ring,2022-04-04,08:56,https://www.youtube.com/watch?v=PNVYXqdczCw
392,Man Gets Gift,2023-09-06,03:12,https://www.youtube.com/watch?v=SqhaalXw864
393,Man Gets Hair Transplant,2022-01-10,15:20,https://www.youtube.com/watch?v=B84vIofTh24
394,Man Gets His First Letter,2022-06-27,17:35,https://www.youtube.com/watch?v=kRocsM4jhw0
395,Man Gets Lace Stuck In An Escalator,2019-05-27,18:18,https://www.youtube.com/watch?v=j2WPGA77xQY
396,Man Gets Letter For Jury Duty,2021-09-03,03:01,https://www.youtube.com/watch?v=x0gc22SaqTk
397,Man Gets Locked In Supermarket,2022-03-09,22:27,https://www.youtube.com/watch?v=nr9MhSjG9S8
398,Man Gets Lost In A Shop,2023-03-16,09:42,https://www.youtube.com/watch?v=lz2aQfZGKMw
399,Man Gets Lost In Big Shopping Centre,2021-09-06,15:16,https://www.youtube.com/watch?v=X8a-1_6W58w
400,Man Gets Lost In Diversion,2023-09-28,06:09,https://www.youtube.com/watch?v=hZG-5NP3Cbo
401,Man Gets Lost In Maze,2023-08-28,20:30,https://www.youtube.com/watch?v=BCclL6HhsoU
402,Man Gets Lost In Millport,2022-03-24,09:21,https://www.youtube.com/watch?v=BEYmA9qyznY
403,Man Gets Lost In Shopping Centre,2023-08-11,03:29,https://www.youtube.com/watch?v=XKkfMYF_EoY
404,Man Gets Lost In The Hospital,2019-09-30,09:25,https://www.youtube.com/watch?v=lXusqjmWv74
405,Man Gets Lost On Trail Run,2021-11-17,18:49,https://www.youtube.com/watch?v=WRkaZe92nzk
406,Man Gets Lots Of Fs In Chat,2023-04-24,04:17,https://www.youtube.com/watch?v=Y4_RdFXcdUY
407,Man Gets Mistaken For Someone Else,2023-03-03,14:28,https://www.youtube.com/watch?v=i1OITh_DC-0
408,Man Gets New TV,2023-03-17,02:44,https://www.youtube.com/watch?v=Km2_AUjehJQ
409,Man Gets On The Wrong Bus,2021-08-17,20:36,https://www.youtube.com/watch?v=TN8x8qAOsuA
410,Man Gets On With It,2023-12-15,01:07,https://www.youtube.com/watch?v=VRprVOyNQ3U
411,Man Gets On Wrong Plane,2023-11-24,00:09,https://www.youtube.com/watch?v=aXRijU_0Vpg
412,Man Gets On Wrong Train,2021-11-10,17:08,https://www.youtube.com/watch?v=vLRqjuZ7b54
413,Man Gets Recruited As A 70's Soviet Spy,2020-06-25,13:00,https://www.youtube.com/watch?v=GfJyoydPzow
414,Man Gets Recruited Into A Motorbike Gang,2022-07-11,19:11,https://www.youtube.com/watch?v=GusjgwkTEck
415,Man Gets Root Canal,2023-10-12,03:31,https://www.youtube.com/watch?v=kuqjGSQwl4A
416,Man Gets Roped Into It,2022-05-05,16:38,https://www.youtube.com/watch?v=AIqBboDbol0
417,Man Gets Sent Abroad For Work,2023-05-23,12:09,https://www.youtube.com/watch?v=kRUg9P6afgc
418,Man Gets Sick On The Bus,2023-02-09,04:22,https://www.youtube.com/watch?v=73PazZQSzdo
419,Man Gets Stuck In An Aeroplane Toilet,2021-11-05,17:57,https://www.youtube.com/watch?v=yMVeHjZ33i8
420,Man Gets Stuck In Revolving Door,2023-07-24,06:36,https://www.youtube.com/watch?v=e4YujU8QtjE
421,Man Gets Stuck In Snow,2021-02-11,11:04,https://www.youtube.com/watch?v=PG318UEVRvE
422,Man Gets Stuck In The Washing Machine,2019-01-03,07:32,https://www.youtube.com/watch?v=d1P9AB9oxhg
423,Man Gets Stuck In Traffic,2021-12-21,08:48,https://www.youtube.com/watch?v=W-QK5-98-h0
424,Man Gets Stuck In VR,2019-05-27,18:13,https://www.youtube.com/watch?v=-ENsP3KpYCI
425,Man Gets Sucked Into A Call Of Duty Match,2019-10-14,04:54,https://www.youtube.com/watch?v=LS_kcfjBCUY
426,Man Gets Sunburn,2023-06-23,00:35,https://www.youtube.com/watch?v=2iLGMjS0b6g
427,Man Gets Takeaway,2023-11-30,01:50,https://www.youtube.com/watch?v=RcTXDR6gdVc
428,Man Gets Trapped In A Lift,2023-05-19,33:02,https://www.youtube.com/watch?v=DH1q-Js3DL8
429,Man Gets Trapped In IKEA,2023-12-14,06:07,https://www.youtube.com/watch?v=bFMI13wua_Q
430,Man Gets Turned Into AI,2023-06-07,01:19,https://www.youtube.com/watch?v=q08pyeWCW4c
431,Man Gets Vasectomy In The Morning,2019-05-13,35:58,https://www.youtube.com/watch?v=sOzDGpJB3bc
432,Man Gets Vegan Burger Instead Of Regular Burger,2023-05-02,04:25,https://www.youtube.com/watch?v=C9wiv_VOX7A
433,Man Gets Work As An Extra,2023-05-25,17:35,https://www.youtube.com/watch?v=3qnSxWESTds
434,Man Gives Blood,2022-06-10,09:26,https://www.youtube.com/watch?v=mkpYoTYLkcE
435,Man Gives First Lesson As A Teacher,2023-07-27,03:40,https://www.youtube.com/watch?v=7SWlChliMyA
436,Man Goes Abroad For The First Time,2022-05-04,21:40,https://www.youtube.com/watch?v=v5TyEf9i3UU
437,Man Goes Back To School,2020-11-25,14:10,https://www.youtube.com/watch?v=dKkHI5Qs91c
438,Man Goes Backstage,2023-05-24,14:54,https://www.youtube.com/watch?v=yZ7RNXNUAOM
439,Man Goes Birdwatching,2023-02-02,01:06,https://www.youtube.com/watch?v=OfmYicUd46g
440,Man Goes Fishing,2022-02-14,11:30,https://www.youtube.com/watch?v=q6I-di4IRDU
441,Man Goes For A Cycle,2022-02-15,03:00,https://www.youtube.com/watch?v=QJuMaEuXjS4
442,Man Goes For A Drive,2023-08-03,17:48,https://www.youtube.com/watch?v=51nug7EQP_Q
443,Man Goes For A Jog,2022-11-25,02:17,https://www.youtube.com/watch?v=cNdMK1IZYyY
444,Man Goes For A Swimming Lesson,2021-12-03,11:58,https://www.youtube.com/watch?v=R2N-DreW2Rk
445,Man Goes For A Walk,2023-06-08,03:16,https://www.youtube.com/watch?v=m8MfntLToQ8
446,Man Goes For A Walk,2023-03-22,08:11,https://www.youtube.com/watch?v=RWMgRd3kDAM
447,Man Goes For An Eye Test,2022-08-08,08:53,https://www.youtube.com/watch?v=pvOwsIGKoWs
448,Man Goes For Colonoscopy,2023-08-24,01:17,https://www.youtube.com/watch?v=-Y29eY86VUM
449,Man Goes In Wrong Toilet,2021-09-24,13:37,https://www.youtube.com/watch?v=F4KpSuDORZo
450,Man Goes Into Neighbour's House,2023-11-20,00:21,https://www.youtube.com/watch?v=mLXvITcexUg
451,Man Goes Into Overdraft,2023-06-13,09:37,https://www.youtube.com/watch?v=lAF4eagglVA
452,Man Goes Larping,2023-10-31,10:03,https://www.youtube.com/watch?v=EAXNZSJHgWc
453,Man Goes Mad With Power,2023-05-29,05:54,https://www.youtube.com/watch?v=PkG36Yfm0_E
454,Man Goes Metal Detecting,2023-02-16,13:46,https://www.youtube.com/watch?v=2Oo7hbEa7Zg
455,Man Goes Metal Detecting,2022-02-21,35:33,https://www.youtube.com/watch?v=XKRVStCZjbk
456,Man Goes On A Cycle,2021-01-12,05:43,https://www.youtube.com/watch?v=YesxgkHsJ6w
457,Man Goes On A Yoga Retreat,2021-08-20,15:42,https://www.youtube.com/watch?v=BdANo8hsjP4
458,Man Goes On Gameshow,2023-01-19,10:30,https://www.youtube.com/watch?v=GJZ4RkwRYLo
459,Man Goes On History Lesson Loses His Group (SABOTAGED),2020-08-04,17:02,https://www.youtube.com/watch?v=d15ot4aDJ6k
460,Man Goes On Holiday,2023-07-06,12:02,https://www.youtube.com/watch?v=XDBEb_BkMVE
461,Man Goes On Holiday On A Boat,2021-09-17,07:15,https://www.youtube.com/watch?v=CwxmhfcarLo
462,Man Goes On Holiday To Japan,2021-06-10,18:11,https://www.youtube.com/watch?v=AFlFProKxgc
463,Man Goes On Photography Course,2022-09-21,06:50,https://www.youtube.com/watch?v=2nwViYe0W6s
464,Man Goes On Placement,2022-07-05,16:43,https://www.youtube.com/watch?v=5lvhtoxBlKc
465,Man Goes On Run,2022-11-07,19:55,https://www.youtube.com/watch?v=5ohveqgkhYM
466,Man Goes On Shopping Spree,2022-04-06,19:24,https://www.youtube.com/watch?v=X8NOewhlrz4
467,Man Goes On Spaceride,2023-05-10,11:31,https://www.youtube.com/watch?v=ewuXQb18zjo
468,Man Goes Shopping,2023-09-18,13:53,https://www.youtube.com/watch?v=_paI5XJDMwY
469,Man Goes There,2023-12-13,07:26,https://www.youtube.com/watch?v=8jDq1krTm6M
470,Man Goes To A Carnival,2021-12-29,24:39,https://www.youtube.com/watch?v=2X1t5Dh98iU
471,Man Goes To A Fancy Restaurant,2022-05-23,16:16,https://www.youtube.com/watch?v=jPpIqglYpuM
472,Man Goes To An Antique Shop,2022-05-25,14:17,https://www.youtube.com/watch?v=afpMJHVenRM
473,Man Goes To Auction House,2022-03-04,26:24,https://www.youtube.com/watch?v=1CEIE7h7eg4
474,Man Goes To Bank,2023-06-16,02:15,https://www.youtube.com/watch?v=7Uj3hOn5Mnc
475,Man Goes To Bed Early,2023-09-07,03:05,https://www.youtube.com/watch?v=QzrTjfci_wI
476,Man Goes To Belfast For New Year's,2021-12-31,26:16,https://www.youtube.com/watch?v=vUkSGf-2rQI
477,Man Goes To Cinema With Own Sweets,2021-10-19,09:37,https://www.youtube.com/watch?v=Me2Y6FH1rD8
478,Man Goes To Dance Class,2022-01-20,34:04,https://www.youtube.com/watch?v=7Ga1kmh5b_8
479,Man Goes To Dermatologist,2023-09-19,09:25,https://www.youtube.com/watch?v=kmq5I9diMrc
480,Man Goes To Dog Shelter,2022-04-28,17:29,https://www.youtube.com/watch?v=Yzfg7-ve4A4
481,Man Goes To Extraordinary Lengths To Avoid Spoilers,2019-05-13,18:47,https://www.youtube.com/watch?v=zgOsJKookak
482,Man Goes To Get Haircut,2022-10-10,21:15,https://www.youtube.com/watch?v=eA-8AY83f8c
483,Man Goes To Gig At Barras,2022-06-03,26:23,https://www.youtube.com/watch?v=PxZ8kDXHVFc
484,Man Goes To High School Reunion,2019-01-14,35:17,https://www.youtube.com/watch?v=DvS5JJ59nRA
485,Man Goes To IKEA,2022-02-25,14:46,https://www.youtube.com/watch?v=71WnZ4GE-Yg
486,Man Goes To Kennel,2022-09-20,08:01,https://www.youtube.com/watch?v=LGATyRM9FLc
487,Man Goes To Largs,2023-09-12,08:56,https://www.youtube.com/watch?v=C3kWAskNvPs
488,Man Goes To Library,2023-03-14,23:36,https://www.youtube.com/watch?v=JjhzE3l-B1U
489,Man Goes To Library,2021-09-10,01:23,https://www.youtube.com/watch?v=_GEGbIrBB48
490,Man Goes To Museum,2023-10-20,06:40,https://www.youtube.com/watch?v=LVsHKOb4ypQ
491,Man Goes To Same Swimming Pool As His Enemy,2023-08-09,11:56,https://www.youtube.com/watch?v=ZeXaWzk1Kd8
492,Man Goes To Stand Up Show,2023-09-15,06:32,https://www.youtube.com/watch?v=J0wyKL5qXjo
493,Man Goes To The Annual Craig-Con,2023-09-22,25:20,https://www.youtube.com/watch?v=m6H4IDu16qg
494,Man Goes To The Beach,2023-05-16,06:39,https://www.youtube.com/watch?v=0bhwGNaEX9E
495,Man Goes To The Beach,2022-06-23,03:32,https://www.youtube.com/watch?v=Ql88GgLhhg8
496,Man Goes To The Cinema,2022-03-22,02:12,https://www.youtube.com/watch?v=j2ydNbQ97Wg
497,Man Goes To The Circus,2022-02-11,22:26,https://www.youtube.com/watch?v=esxYVxbvtJM
498,Man Goes To The Cricket,2022-07-22,03:36,https://www.youtube.com/watch?v=fnM5p7OdW7s
499,Man Goes To The Dentist,2022-11-17,06:10,https://www.youtube.com/watch?v=u7s7a27XHp0
500,Man Goes To The Dentist,2022-06-17,06:09,https://www.youtube.com/watch?v=4fQn2Os3F3U
501,Man Goes To The Horse Races,2023-02-08,17:19,https://www.youtube.com/watch?v=wpitc6Z384I
502,Man Goes To The Moon,2018-12-10,23:18,https://www.youtube.com/watch?v=1qHJQV_rxgw
503,Man Goes To The Toilet,2023-05-12,13:33,https://www.youtube.com/watch?v=ErNK5pF4ORo
504,Man Goes To The Zoo,2022-11-09,24:31,https://www.youtube.com/watch?v=jHqDD_39JL0
505,Man Goes To The Zoo,2022-01-14,13:09,https://www.youtube.com/watch?v=hPTDMAmETjc
506,Man Goes To Theme Park,2022-04-20,01:32,https://www.youtube.com/watch?v=Xp0K6YdlvxI
507,Man Goes To Theme Park,2022-03-16,16:38,https://www.youtube.com/watch?v=Hly7nEbvv88
508,Man Goes To Vape Shop,2023-08-16,01:50,https://www.youtube.com/watch?v=zq1dBWyzwJQ
509,Man Goes To Vegas,2023-02-06,03:12,https://www.youtube.com/watch?v=Oi5QZlX98Tg
510,Man Goes To View House,2023-05-03,06:05,https://www.youtube.com/watch?v=6BvQvnToHME
511,Man Goes To War,2022-01-24,26:07,https://www.youtube.com/watch?v=zN8NkIqJPPY
512,Man Goes Undercover,2019-09-30,02:38,https://www.youtube.com/watch?v=1Lu1O0mgoIc
513,Man Grits His Neighbours Path / No Dog Food,2021-01-05,30:23,https://www.youtube.com/watch?v=JfLBOiIn7fk
514,Man Has A Good Day At Work,2021-12-22,09:26,https://www.youtube.com/watch?v=woMXKPlnayM
515,Man Has A Nice Tuesday,2023-11-07,03:29,https://www.youtube.com/watch?v=ZBA_3P5__m8
516,Man Has Amnesia,2021-07-30,08:21,https://www.youtube.com/watch?v=raHH-AxGGtk
517,Man Has An Alien In His Cupboard,2019-02-15,12:47,https://www.youtube.com/watch?v=4Yx4z-hiKas
518,Man Has An Argument With His Wife,2022-07-18,11:02,https://www.youtube.com/watch?v=-X1eI75FH-Q
519,Man Has An Exit Interview,2022-06-24,07:41,https://www.youtube.com/watch?v=qvUecgl8FTY
520,Man Has Bad Fall In High Street,2023-01-16,11:46,https://www.youtube.com/watch?v=7fNHF445asw
521,Man Has Building Inspector Round,2023-09-13,19:56,https://www.youtube.com/watch?v=_EJrttlZlvo
522,Man Has Chronic Insomnia,2022-05-02,11:35,https://www.youtube.com/watch?v=_Wh3c0y0UR0
523,Man Has Exciting Idea For Breakfast,2021-12-02,15:00,https://www.youtube.com/watch?v=kMd_DMTH3j0
524,Man Has Kidney Stone,2022-02-22,24:59,https://www.youtube.com/watch?v=ixBZAgUVc4k
525,Man Has Lunch,2023-08-25,01:11,https://www.youtube.com/watch?v=r03FnLQ_dgY
526,Man Has Problems With His Shower,2022-09-02,01:51,https://www.youtube.com/watch?v=cRMe7_DWG4s
527,Man Has Tiny Feet,2021-12-20,03:40,https://www.youtube.com/watch?v=vlK93mwN9Lg
528,Man Has To Do Maths Test,2022-01-06,11:53,https://www.youtube.com/watch?v=9bcET8GP6qc
529,Man Has To Fill In As Teacher,2021-09-10,03:34,https://www.youtube.com/watch?v=U2sOnMyam-Q
530,Man Has To Hire Scaffolding To Paint His House,2020-07-21,27:44,https://www.youtube.com/watch?v=zM7Z-f9VrNQ
531,"Man Has To Promote New Drink, But Itâ€™s Pish",2020-08-24,10:55,https://www.youtube.com/watch?v=_xtAXxI9xPQ
532,Man Has Trouble Falling Asleep,2019-10-28,03:53,https://www.youtube.com/watch?v=TOnj2miw_2E
533,Man Hates Himself,2023-04-14,04:06,https://www.youtube.com/watch?v=gNJpA474uC8
534,Man HATES His Audience,2023-11-15,09:05,https://www.youtube.com/watch?v=ws8hC17RrXA
535,Man Hears A Noise,2022-11-03,06:24,https://www.youtube.com/watch?v=cMAEY93ZVI4
536,Man Hides In Cupboard,2020-07-02,10:25,https://www.youtube.com/watch?v=ZDxUOKCPgrM
537,Man Hides Upstairs / tries sensory deprivation tank,2022-07-07,11:52,https://www.youtube.com/watch?v=EI95WhQABCI
538,Man Hires Gardener,2022-11-22,10:10,https://www.youtube.com/watch?v=0EXJSyUJfP0
539,Man Holds Dinner Party For Workmates,2023-01-20,19:02,https://www.youtube.com/watch?v=Rx3S7Io2VHI
540,Man Housesits For Neighbour,2022-06-20,08:48,https://www.youtube.com/watch?v=zpjlq0_i5Ys
541,Man Inadvertently Picks Up Wrong Dog Poo,2022-12-22,02:13,https://www.youtube.com/watch?v=scySZ4Bel_U
542,Man Inherits A House,2019-01-07,20:59,https://www.youtube.com/watch?v=rWpuFs07Q_Q
543,Man Inherits A Ouija Board,2019-06-17,18:50,https://www.youtube.com/watch?v=xIdmCuRU3SM
544,Man Inherits Farm,2023-01-23,21:10,https://www.youtube.com/watch?v=MjaJ06TKctU
545,Man Inherits Tortoise,2022-09-23,09:11,https://www.youtube.com/watch?v=TqDIHn4he2Q
546,Man Installs DBD And Plays Killer,2022-08-02,08:38,https://www.youtube.com/watch?v=urqp4PIjr88
547,Man Invents A New Sport,2019-02-18,08:55,https://www.youtube.com/watch?v=S7Dr4DB3q7Y
548,Man Is Determined To Get A Sun Bed,2019-07-22,10:47,https://www.youtube.com/watch?v=w0SB-6jsK84
549,Man Is Late For Flight,2021-10-21,13:42,https://www.youtube.com/watch?v=LKPdB8a7zL8
550,Man Is Late For Own Wedding,2021-10-05,22:12,https://www.youtube.com/watch?v=eISgs5LSw3U
551,Man Is Scared Of Mirrors,2023-03-07,06:14,https://www.youtube.com/watch?v=3FLYu-J3Res
552,Man Is Scared Of Mirrors,2023-02-14,08:23,https://www.youtube.com/watch?v=keoVvTsQtrs
553,Man Is Suspicious Of His Talented Son,2019-02-11,18:41,https://www.youtube.com/watch?v=7r8TNDaFvIc
554,Man Is Woken By Loud Noise + Forgets Wimming Trunks,2023-03-10,16:24,https://www.youtube.com/watch?v=nr25oUYd0B8
555,Man Isn't Listening During Meeting,2022-11-28,01:26,https://www.youtube.com/watch?v=A5Eneu7HXlY
556,Man Joins Gang,2023-09-05,08:58,https://www.youtube.com/watch?v=YB8xuRdCLMs
557,Man Joins NASA,2022-11-14,10:12,https://www.youtube.com/watch?v=SHyiDKqPowU
558,"Man Joins New Gym, Gets Lost",2020-07-24,05:35,https://www.youtube.com/watch?v=zOG6X0LUuM0
559,Man Keeps Getting Neighbour's Takeaway Delivered,2021-07-06,11:12,https://www.youtube.com/watch?v=RmogU2IxnMM
560,Man Keeps Getting Scam Calls,2021-07-22,17:56,https://www.youtube.com/watch?v=-EG5jRDunuU
561,Man Keeps Seeing Black Cats,2020-09-15,24:07,https://www.youtube.com/watch?v=CAvoq5OkxLs
562,Man Learns To Play Piano,2021-08-30,39:43,https://www.youtube.com/watch?v=3hb1Sc1Qtbk
563,Man Learns Yoga,2022-06-21,02:54,https://www.youtube.com/watch?v=o2SQ-4AhfDA
564,Man Leaves Street Performer A Generous Tip,2022-09-22,09:49,https://www.youtube.com/watch?v=kEn6EOORdLI
565,Man Leaves Wallet On Bus,2021-07-28,28:56,https://www.youtube.com/watch?v=cgeycOnWD9o
566,Man Lies On His CV For Job Interview,2022-03-01,08:03,https://www.youtube.com/watch?v=B1EJlNp7-Ck
567,Man Likes To Film People For His VLOG,2019-02-23,04:53,https://www.youtube.com/watch?v=X5no1uW5IUI
568,Man Listens To Radio,2020-08-25,16:00,https://www.youtube.com/watch?v=nG-RPc7Nr10
569,Man Looks For A Way Out,2022-03-03,09:16,https://www.youtube.com/watch?v=XJ16Rv9eWXc
570,Man Looks Through Chippy Window,2020-08-31,12:50,https://www.youtube.com/watch?v=7Aj1FmwB30U
571,Man Loses A Tenner,2021-09-08,03:20,https://www.youtube.com/watch?v=t3x0ty645Bc
572,Man Loses An Eye,2022-10-28,01:26,https://www.youtube.com/watch?v=UazuJk8KWok
573,Man Loses Bike,2023-11-22,07:00,https://www.youtube.com/watch?v=ZnqJzCtH6eY
574,Man Loses Car In Car Park,2023-03-21,01:12,https://www.youtube.com/watch?v=Jx2bG4rf6ts
575,Man Loses Glasses At The Gym,2023-05-11,09:13,https://www.youtube.com/watch?v=WV5gqnrxie4
576,Man Loses His Glasses,2022-11-18,00:22,https://www.youtube.com/watch?v=g4DmrxqXhTE
577,Man Loses His Job,2023-06-20,08:59,https://www.youtube.com/watch?v=aoNIqZI2WIY
578,Man Loses His Phone On A Plane,2023-01-26,02:32,https://www.youtube.com/watch?v=FcYfGabbF_Q
579,Man Loses His Watch,2022-08-09,01:53,https://www.youtube.com/watch?v=nQs1LrmFoA8
580,Man Loses Job,2022-01-25,11:13,https://www.youtube.com/watch?v=PQsypOvXE3M
581,Man Loses Lucky Hat,2021-12-14,19:23,https://www.youtube.com/watch?v=X9h9K3nLEmg
582,Man Loses Lunchbox,2021-09-14,15:39,https://www.youtube.com/watch?v=Bxbp_jNhqMo
583,Man Loses Phone,2023-04-18,01:32,https://www.youtube.com/watch?v=CseisDBHlkI
584,Man Loses Phone The Day He Buys It,2021-09-30,09:18,https://www.youtube.com/watch?v=dzvT2OrtH2A
585,Man Loses Shoe,2020-07-13,02:44,https://www.youtube.com/watch?v=qlkETvBA9tY
586,Man Loses Son On Holiday,2019-07-15,04:48,https://www.youtube.com/watch?v=8R1-2lu0imI
587,Man Loses Wallet,2021-09-20,06:06,https://www.youtube.com/watch?v=Zluq_knwZqo
588,Man Makes A Paper Aeroplane,2021-06-21,13:01,https://www.youtube.com/watch?v=pa9lgHq0AVg
589,Man Makes Big Mistake At A Shop,2022-05-10,00:36,https://www.youtube.com/watch?v=ndBX_DNLsFo
590,Man Makes Fry Up,2022-04-01,12:00,https://www.youtube.com/watch?v=rYU6qbBRJOQ
591,Man Makes Rescue,2023-06-22,06:38,https://www.youtube.com/watch?v=WB4Gs0Tspy0
592,Man Makes Sandwich,2021-12-30,13:08,https://www.youtube.com/watch?v=xegYfLYUZpU
593,Man Makes Strange Discovery With Metal Detector,2019-02-04,28:10,https://www.youtube.com/watch?v=b4CZvfrGJ-s
594,"Man Makes TV Show, Becomes Famous",2023-08-18,01:13,https://www.youtube.com/watch?v=U6zxK-wWdvM
595,Man Meets Celebrity In Toilet,2019-05-20,16:50,https://www.youtube.com/watch?v=BdDV10VdP04
596,Man Meets Doppelganger,2022-02-18,18:40,https://www.youtube.com/watch?v=kow6oscat_4
597,Man Meets Hero,2022-09-29,12:02,https://www.youtube.com/watch?v=R21LVSp4evg
598,Man Meets His Own Doppelganger,2023-04-20,03:47,https://www.youtube.com/watch?v=Wtc5ls22jaM
599,Man Meets Local MP,2023-02-13,07:31,https://www.youtube.com/watch?v=KerYH8dLI_U
600,Man Meets The Queen,2022-06-06,11:36,https://www.youtube.com/watch?v=n1zvStSz4cI
601,Man Meets Time Traveller,2021-06-18,01:31,https://www.youtube.com/watch?v=QlDgv1BnSEQ
602,Man Meets Tree,2023-10-05,09:10,https://www.youtube.com/watch?v=P9TojXyrPPA
603,Man Missed A Strike In A Bowling Alley,2022-12-07,10:14,https://www.youtube.com/watch?v=5nTHGS-NNyA
604,Man Misses Bus,2022-09-26,07:22,https://www.youtube.com/watch?v=0lQoAK90Hhg
605,Man Misses McDonald's Breakfast,2022-10-07,04:59,https://www.youtube.com/watch?v=oMhH7jV8D3E
606,Man Misses The Bus,2018-12-13,24:21,https://www.youtube.com/watch?v=2RoGmYNBcNM
607,Man Mistakenly Gets Invited On The Question Time Panel,2019-10-28,05:01,https://www.youtube.com/watch?v=OxyKSzDDCEw
608,Man Mistakenly Invited To Film Premiere,2022-03-02,16:21,https://www.youtube.com/watch?v=D8vayW756FU
609,Man Moves House?,2022-03-21,14:44,https://www.youtube.com/watch?v=gAcTDr6KREw
610,Man Moves To Spain With Dog And Wife,2023-03-13,05:33,https://www.youtube.com/watch?v=uIdRYkvw2Vc
611,Man Must Grant The Wishes Of Others,2023-11-08,02:07,https://www.youtube.com/watch?v=rCJqPNscI4k
612,Man Names Newborn Baby,2022-07-06,06:12,https://www.youtube.com/watch?v=d_dNIbt1Q7M
613,Man Needs A Jobby,2023-11-06,00:00,https://www.youtube.com/watch?v=oM_Vj9feu5Y
614,Man Needs A New Passport,2022-08-24,02:05,https://www.youtube.com/watch?v=2ekORO4Hg58
615,Man Needs A Poo At A House Party,2023-07-31,14:20,https://www.youtube.com/watch?v=3QFwRsl4dfg
616,Man Needs A Shite At A Funeral,2019-05-13,21:49,https://www.youtube.com/watch?v=xTXWWfOtocw
617,Man Opens Umbrella When It's Not Raining,2022-07-21,07:15,https://www.youtube.com/watch?v=2AgPDkH22Qo
618,"Man Orders Expensive TV, But Is Delivered 2",2022-06-02,05:54,https://www.youtube.com/watch?v=omJb7kqT2aY
619,Man Orders Wrong Takeaway,2021-08-18,24:52,https://www.youtube.com/watch?v=DEOiwStLy0o
620,Man Organises Book Collection,2023-07-11,02:44,https://www.youtube.com/watch?v=WRqFqTa5nWc
621,Man Paints Self Portrait,2021-09-07,02:41,https://www.youtube.com/watch?v=4PRbO_45m3s
622,Man Paranoid That People Find Out His Embarrassing Secret At Work,2019-07-22,03:18,https://www.youtube.com/watch?v=jFqAjZEHpt4
623,Man Picks Up Last Notebook In The Shop,2023-01-20,09:41,https://www.youtube.com/watch?v=7UdOBKDI1kg
624,Man Plants Mysterious Pack Of Seeds,2019-06-03,30:38,https://www.youtube.com/watch?v=kbhpb1Z0EUQ
625,Man Plants Veggie Garden,2022-07-08,04:14,https://www.youtube.com/watch?v=hxu8x9a8MS4
626,Man Plays Football,2021-07-16,12:03,https://www.youtube.com/watch?v=tfcRzMUGMOQ
627,Man Plays Game Of Pool For Money,2022-05-13,22:28,https://www.youtube.com/watch?v=hDM4BaTwAk4
628,Man Plays Rust / Man Misses Bus,2022-02-23,09:58,https://www.youtube.com/watch?v=K-8pb6EO2co
629,Man Plays With Hoover,2022-06-09,06:14,https://www.youtube.com/watch?v=1xk2ml9qwiU
630,Man Posts Letter,2023-05-04,07:30,https://www.youtube.com/watch?v=ENZDoPpg1l4
631,Man Pulls A Sicky,2022-08-11,03:17,https://www.youtube.com/watch?v=EvFBMtWQFLE
632,Man Puts Ads On his Stream,2023-08-17,01:14,https://www.youtube.com/watch?v=EWJsM8KadCg
633,Man Puts On Village Fayre,2022-08-23,13:43,https://www.youtube.com/watch?v=USZpnSya6gA
634,Man Quits Smoking,2021-11-01,17:18,https://www.youtube.com/watch?v=fsO7CG3UH1w
635,Man Reads A Book In A Park,2022-04-25,14:28,https://www.youtube.com/watch?v=GeOQTVEjjz0
636,Man Realises He Shat Himself In The Middle Of A Speed Dating Event,2022-10-11,01:52,https://www.youtube.com/watch?v=1RtCB_4Bf6M
637,Man Realises Lifelong Dream Of Underwater Adventure,2019-06-24,37:06,https://www.youtube.com/watch?v=BQW9a-K-_9A
638,Man Really Has To Sh*t,2022-11-02,22:12,https://www.youtube.com/watch?v=UsILFCLH0R0
639,Man Rearranges Home Office,2023-03-31,04:52,https://www.youtube.com/watch?v=lQlZHkadoZA
640,Man Receives Neighbour's Package By Mistake,2022-03-14,15:41,https://www.youtube.com/watch?v=D8CjKUIySe4
641,Man Receives Too Much Change In A Corner Shop,2021-06-25,08:31,https://www.youtube.com/watch?v=ZW1uotISYcg
642,Man Refuses To Cut his Fingernails,2019-05-27,08:08,https://www.youtube.com/watch?v=2jiCcPdR7ts
643,Man Rescues Injured Badger,2023-06-05,07:03,https://www.youtube.com/watch?v=pm7j6l3y7bw
644,Man Returns Food At Cafe,2022-02-03,10:13,https://www.youtube.com/watch?v=PDy83ZspWss
645,Man Runs A Portaloo Company,2023-06-12,11:17,https://www.youtube.com/watch?v=zPghZLqO8Xo
646,Man Runs First 5K,2023-11-10,07:52,https://www.youtube.com/watch?v=GNLbnODoT4U
647,Man Runs Marathon By Accident,2020-09-24,07:03,https://www.youtube.com/watch?v=XW4YDSklRBI
648,Man Runs Out Of Toothpaste,2022-07-19,12:51,https://www.youtube.com/watch?v=IytKVHovAyM
649,Man Scrapes Ice Off Car,2023-12-01,01:14,https://www.youtube.com/watch?v=WQ3L_wWzE9o
650,Man Sees Deer,2022-02-16,22:57,https://www.youtube.com/watch?v=EraAqvAJa9M
651,Man Sees Dog,2023-09-21,00:22,https://www.youtube.com/watch?v=BR4doLBiUfo
652,Man Sees Fox By His Bins,2023-02-23,07:01,https://www.youtube.com/watch?v=gNlIM2Wi8es
653,Man Sees Helicopter,2021-06-14,14:48,https://www.youtube.com/watch?v=PW_0-NglLB4
654,Man Sees Himself On Front Page Of Local Newspaper ,2023-06-09,03:14,https://www.youtube.com/watch?v=fjxGob5Rddc
655,"Man Sits Backwards On Toilet,  Finds Out That's Wrong",2020-06-29,10:35,https://www.youtube.com/watch?v=KudQhHt5J40
656,Man Skives Off Work,2022-05-19,12:12,https://www.youtube.com/watch?v=CQi3MsNi1d0
657,Man Slips In The Shower,2021-09-02,02:10,https://www.youtube.com/watch?v=wZfGlPIihO4
658,Man Snaps Key In Lock,2021-06-09,10:51,https://www.youtube.com/watch?v=bZmf9DAPNFk
659,Man Solves A Murder,2022-02-08,15:29,https://www.youtube.com/watch?v=IHpwfJfX_Ww
660,Man Stars In Christmas Advert,2021-11-04,19:25,https://www.youtube.com/watch?v=lEdOovv7Tho
661,Man Startled Awake,2023-06-19,14:44,https://www.youtube.com/watch?v=zz6uhfKSC2Q
662,Man Starts A Book,2021-06-07,06:27,https://www.youtube.com/watch?v=ga6zTjneFKU
663,Man Starts Job In IT Support,2022-09-01,20:15,https://www.youtube.com/watch?v=lx5vyVJrYW8
664,Man Starts To Lose Sense Of Smell,2021-07-09,05:22,https://www.youtube.com/watch?v=DrhxU5W0qrs
665,Man Steals Bezos' Job,2022-01-18,08:10,https://www.youtube.com/watch?v=iiXFVUE7ZN8
666,Man Steals Book From Library,2023-01-13,26:36,https://www.youtube.com/watch?v=bTv1zVACUG0
667,Man Steals Hand Sanitiser,2020-12-31,18:08,https://www.youtube.com/watch?v=Mgdq3l5ah3w
668,Man Steals Horse By Accident,2022-12-14,11:06,https://www.youtube.com/watch?v=YW64K1bBgKY
669,Man Struggles With Swiss Army Knife,2021-06-29,12:09,https://www.youtube.com/watch?v=T-ZKHjrUD5A
670,Man Stumbles Onto Film Set,2023-09-08,15:46,https://www.youtube.com/watch?v=tc36TmEx3Vk
671,Man Tackles Wasp Nest,2022-08-17,11:04,https://www.youtube.com/watch?v=ib8YpF1SKLs
672,Man Takes A Dog For A Walk,2021-12-09,11:43,https://www.youtube.com/watch?v=tAMIVueTde0
673,Man Takes A Walk Through A Graveyard,2020-09-25,32:27,https://www.youtube.com/watch?v=ZkF0Wd2zsDg
674,Man Takes Cat To Vet,2023-03-08,01:12,https://www.youtube.com/watch?v=1Fp2xn1XhV8
675,Man Takes Family Member To Court,2020-07-22,06:34,https://www.youtube.com/watch?v=cVuGU_z3qQY
676,Man Takes His Family To Visit A Model Village,2023-04-26,01:40,https://www.youtube.com/watch?v=j96Y1w72f9Q
677,Man Takes In Parcel For Neighbour,2021-06-22,10:48,https://www.youtube.com/watch?v=9LkXrIeiczs
678,Man Takes Part In Gameshow \ Opens Modern Art Gallery,2023-09-29,09:22,https://www.youtube.com/watch?v=oSaa69w7RtE
679,Man Takes Skydiving Lesson,2021-09-29,52:57,https://www.youtube.com/watch?v=QCSIyU7ryYI
680,Man Takes Swim In Loch Ness,2023-08-29,14:56,https://www.youtube.com/watch?v=Pd-9gLUN39I
681,Man Takes Toddler To Cinema,2021-08-25,17:59,https://www.youtube.com/watch?v=lY_Ly_KrqxY
682,Man Takes Weekend Cottage Trip,2021-11-08,22:20,https://www.youtube.com/watch?v=p6NY2QchjXs
683,Man Teaches Son Family Business,2023-10-30,25:21,https://www.youtube.com/watch?v=Hg36oi4O5qA
684,Man Thinks He's A Terminator,2023-07-26,05:57,https://www.youtube.com/watch?v=8f-kZclnZ1o
685,Man Thinks He's In A Hidden Camera Show,2021-07-27,16:55,https://www.youtube.com/watch?v=qxLtaTQIkjU
686,Man Thinks Neighbours Are Talking About Him,2022-04-27,00:40,https://www.youtube.com/watch?v=4zE1Kfnh5ro
687,Man Trapped In Lift With Another Man,2021-10-25,25:11,https://www.youtube.com/watch?v=_LewmOTNtf0
688,Man Tries A New Flavour Of Pot Noodle,2019-02-18,25:07,https://www.youtube.com/watch?v=P2dGti_ijQc
689,Man Tries Being More Assertive,2022-05-09,33:59,https://www.youtube.com/watch?v=_XTFShzKJFc
690,Man Tries Cheaper Bin Bags,2023-07-14,15:07,https://www.youtube.com/watch?v=Brl7OXMe1cI
691,Man Tries Metaverse For The First Time,2022-07-13,20:15,https://www.youtube.com/watch?v=ButJIIwJyZc
692,Man Tries New Brand Of Shampoo,2023-02-27,02:17,https://www.youtube.com/watch?v=H-clbfYx3iQ
693,Man Tries New Hobby,2022-09-28,03:54,https://www.youtube.com/watch?v=J9YufQGcP5w
694,Man Tries On Shoes He Finds In Cupboard,2020-08-14,13:40,https://www.youtube.com/watch?v=lORqhC-s86Q
695,Man Tries Open Mic,2022-04-07,16:58,https://www.youtube.com/watch?v=xsOdXDGgSSk
696,Man Tries SCUBA Diving,2022-09-13,06:47,https://www.youtube.com/watch?v=oDZyQc9TGIQ
697,Man Tries To Land A Plane,2023-09-04,12:26,https://www.youtube.com/watch?v=0diLASQhMjA
698,Man Tries To Make Homemade Covid Vaccine,2020-12-14,09:02,https://www.youtube.com/watch?v=A4iAFWfiPSo
699,Man Tries To Purchase Item From ASDA Mo,2020-12-30,11:36,https://www.youtube.com/watch?v=i-Zp6c-LoC4
700,Man Tries To Return Cold Coffee,2022-12-12,01:23,https://www.youtube.com/watch?v=6WGgi8vZcis
701,Man Tries To Rob A Bank With A Banana,2020-09-22,08:46,https://www.youtube.com/watch?v=roAeYhgpjhE
702,Man Trips Over His Maw,2019-10-07,01:39,https://www.youtube.com/watch?v=NUk9sP5X-SE
703,Man Try's Streaming For First Time With Rude Viewers,2023-03-27,09:55,https://www.youtube.com/watch?v=PP9nT8XE_kE
704,Man Turns Up 10 Minutes Late To A Christening,2019-02-15,05:31,https://www.youtube.com/watch?v=HnDAKIQFGPo
705,Man Underestimates The Power Of The Sun,2023-04-06,01:20,https://www.youtube.com/watch?v=jbn7jY_klwI
706,Man Unexpectedly Kept In Hospital Overnight,2022-07-26,13:43,https://www.youtube.com/watch?v=ZCdUUL_1n0s
707,Man Uses Public Toilet,2023-01-30,06:50,https://www.youtube.com/watch?v=OlxvqoIfizY
708,Man v Bezos,2023-05-15,02:20,https://www.youtube.com/watch?v=L4o8Zm4iD7w
709,Man Visits Brewery,2022-01-17,06:14,https://www.youtube.com/watch?v=gV4WZxWFaR8
710,Man Visits Greengrocer,2022-11-01,10:49,https://www.youtube.com/watch?v=0knsHsROsVc
711,Man Visits Hardware Store,2021-08-26,24:56,https://www.youtube.com/watch?v=bl34D-jr8Yw
712,Man Visits Legoland,2022-10-31,18:56,https://www.youtube.com/watch?v=4kVpV5Eqw3I
713,Man Visits Pet Shop,2020-11-19,18:36,https://www.youtube.com/watch?v=dweA74gXD8k
714,Man Visits Texas,2023-11-16,00:29,https://www.youtube.com/watch?v=cfrEgJ1fFkc
715,Man Waits For A Flight,2022-02-28,07:55,https://www.youtube.com/watch?v=p5KG7X9JBzc
716,Man Waits In Bank Queue,2023-08-07,04:35,https://www.youtube.com/watch?v=2UMxRGxLhJQ
717,Man Wakes Up A Tory,2021-08-23,18:24,https://www.youtube.com/watch?v=Fq7xA430MHg
718,Man Wakes Up And He's 8 Years Old Again,2019-08-17,08:23,https://www.youtube.com/watch?v=tpbhW5rcFdM
719,Man Wakes Up And Thinks All His Clothes Are A Different Colour,2019-06-10,09:20,https://www.youtube.com/watch?v=0ejkM8vhhTc
720,Man Wakes Up From Operation,2019-02-18,10:24,https://www.youtube.com/watch?v=zeNAOTpR0G4
721,Man Wakes Up In Car,2022-02-07,23:24,https://www.youtube.com/watch?v=GAsw2Q6bB8I
722,Man Wakes Up In Coffin,2023-10-10,00:28,https://www.youtube.com/watch?v=XoSplvFEhbg
723,Man Wakes Up In Shopping Centre,2023-03-29,01:00,https://www.youtube.com/watch?v=pS00BU-Fv54
724,Man Wakes Up In The Far Future,2021-11-02,04:22,https://www.youtube.com/watch?v=2msLfh8PpgQ
725,Man Wakes Up In The Middle Of Nowhere,2022-08-05,00:29,https://www.youtube.com/watch?v=J-8Hvl2kyus
726,Man Wakes Up In Wrong Bed,2023-11-03,06:45,https://www.youtube.com/watch?v=HpSIZeJ4vnI
727,Man Wakes Up With An Ear Missing,2023-04-19,01:41,https://www.youtube.com/watch?v=i-iG_rFiRDA
728,Man Wakes Up Without A Care In The World,2021-12-28,09:45,https://www.youtube.com/watch?v=Vnrl9ZgHYno
729,Man Walks Into A New Pub,2021-09-27,07:48,https://www.youtube.com/watch?v=xNVifICRrk4
730,Man Watches Orchestra,2023-03-01,31:32,https://www.youtube.com/watch?v=Wfk2d5o_-mU
731,Man Watches Polaroid Develop,2019-06-10,46:29,https://www.youtube.com/watch?v=bWi0aOqQ_Do
732,Man Wears Wrong Shoes To Party,2021-07-23,17:24,https://www.youtube.com/watch?v=A5MZmJgLlE4
733,Man Wins,2022-09-08,01:09,https://www.youtube.com/watch?v=izXj9LmnDoU
734,Man Wins A Book In Glasgow 2329,2022-09-15,20:14,https://www.youtube.com/watch?v=7KPY87gKTWI
735,Man Wins Biggest Prize On His Birthday,2022-12-21,06:51,https://www.youtube.com/watch?v=QqFZX-ahdwY
736,Man Wins Euro Millions,2022-04-19,29:16,https://www.youtube.com/watch?v=kmjqdPQcZpo
737,Man Wins Holiday To Edinburgh,2023-02-22,04:24,https://www.youtube.com/watch?v=ZCvbZDigagU
738,Man Wins Hot Air Balloon,2021-11-25,13:25,https://www.youtube.com/watch?v=AB5NLJ6JE74
739,Man Wins Million But Only If Haunted House Overnighter etc.,2022-07-25,03:05,https://www.youtube.com/watch?v=x7_3c9ourNo
740,Man Wins Oscar For Film He Wasn't In,2021-07-20,25:27,https://www.youtube.com/watch?v=btn5QunjyRM
741,Man Wins Running Race,2023-10-26,10:51,https://www.youtube.com/watch?v=WcR703chOLw
742,Man Works On Party Trick,2022-07-20,03:19,https://www.youtube.com/watch?v=Ey81iYVGuhY
743,Man Writes Into Agony Aunt Column,2022-11-08,15:50,https://www.youtube.com/watch?v=GlYuz0Tev2k
744,Man Writes PhD Thesis,2022-09-08,02:59,https://www.youtube.com/watch?v=qn98fLrAtaU
745,Man's Best Pal Betrays Him,2022-04-21,20:54,https://www.youtube.com/watch?v=nW_0_KKmqzI
746,Man's Car Fails MOT,2021-06-11,06:30,https://www.youtube.com/watch?v=R456SGv9_5Y
747,Man's Childhood Pal Is His New Boss,2021-09-13,03:55,https://www.youtube.com/watch?v=1rbmSwXZl7E
748,Man's Computer Constantly Crashes,2023-03-30,05:08,https://www.youtube.com/watch?v=X2DjxJqnmKM
749,Man's Dog Farts Rainbows,2022-05-27,00:35,https://www.youtube.com/watch?v=c-rlofV-mc4
750,Man's Favourite Sandwich Shop Closes Down,2019-10-14,11:15,https://www.youtube.com/watch?v=ShjAbypYLa8
751,Man's Favourite Videogame Character Comes To Life,2019-07-29,14:58,https://www.youtube.com/watch?v=jpG59vUPP4M
752,Man's Flight Gets Delayed,2023-08-30,00:19,https://www.youtube.com/watch?v=oE9U1lWerAM
753,Man's Girlfriend Is A Witch,2022-08-03,04:07,https://www.youtube.com/watch?v=PW6B3lF9tp0
754,Man's In The Shower When The Postie Rings The Bell,2023-01-11,04:31,https://www.youtube.com/watch?v=titZE13N85E
755,Man's Lunch Goes Missing,2023-07-13,07:16,https://www.youtube.com/watch?v=yrxxK2SHnz4
756,Man's Wife Suggests Open Relationship,2023-02-17,01:41,https://www.youtube.com/watch?v=dZNUMgIt5h0
757,Mouldy Sausage Rolls,2018-12-29,10:00,https://www.youtube.com/watch?v=cVvRkjOXsPI
758,News Anchor Gets A Hard On Live On Air,2019-05-13,13:33,https://www.youtube.com/watch?v=kLkuZiylX68
759,Old Man Buying Gin In Shop,2022-03-31,10:09,https://www.youtube.com/watch?v=gnuujOqCJt4
760,Old Man Gets Put Into A Home,2019-06-10,03:47,https://www.youtube.com/watch?v=69sz0pM4EiY
761,Old Man Reading His Paper At His Tab,2023-01-27,08:29,https://www.youtube.com/watch?v=hBqUGoimJgg
762,Overslept For First Day Of New Job,2021-08-24,09:23,https://www.youtube.com/watch?v=0L-pa0sPMCU
763,Owner Upset Cat Is More Popular,2022-06-29,01:46,https://www.youtube.com/watch?v=HNY9UpdZk8A
764,Person Accidentally Joins A Monastery,2021-08-03,18:11,https://www.youtube.com/watch?v=rrLAg9FRC4g
765,Person Enjoys Milkthake,2023-08-02,16:50,https://www.youtube.com/watch?v=bV9VT45AagY
766,Person Falls On Cracked Pavement,2023-02-20,02:02,https://www.youtube.com/watch?v=qEMUNonupzQ
767,Person Finds A Secret Button On Their Phone,2020-08-20,12:34,https://www.youtube.com/watch?v=99zLiBDv55s
768,Person Finds A USB Memory Stick,2019-10-07,06:44,https://www.youtube.com/watch?v=EQ5Pv_eudfE
769,Person Forgets Where They Parked,2023-06-01,07:27,https://www.youtube.com/watch?v=evAYhWYn7Gw
770,Person Gets Caught Rigging A Poll,2020-08-19,27:21,https://www.youtube.com/watch?v=-qxtelPo1S4
771,Person Learns To Drive,2023-08-01,01:15,https://www.youtube.com/watch?v=XVhlQ8gVtvs
772,Person Learns To Unicycle,2023-04-28,13:10,https://www.youtube.com/watch?v=0RcBWnoeOYE
773,Person Searches Japan For A Man Dressed As A Sheep,2023-10-27,17:40,https://www.youtube.com/watch?v=zVKIHEjBYq0
774,Plumber Has Phobia Of Taps,2019-10-14,02:15,https://www.youtube.com/watch?v=QzzhfJbNBr4
775,Postman Gets To A House With The Door Left Ajar,2020-06-17,07:27,https://www.youtube.com/watch?v=HCFH5AX-vmE
776,Scientist Discovers New Virus,2019-10-14,06:03,https://www.youtube.com/watch?v=bbFquzIDlaE
777,Scotsman Visits England For The First Time,2021-01-07,26:24,https://www.youtube.com/watch?v=Rnagf9iRHqY
778,Scottish Man Finds Dead Body On Holiday,2021-10-22,06:32,https://www.youtube.com/watch?v=sd543GKVtDQ
779,Scottish Man Moves To England,2023-11-02,03:39,https://www.youtube.com/watch?v=nP2F3_EFnfg
780,Spoilt Kid Doesn't Get Everything They Want For Their Birthday,2023-04-10,09:04,https://www.youtube.com/watch?v=14LDVBRHnJA
781,Superhero Makes Situation Worse,2022-01-28,02:39,https://www.youtube.com/watch?v=DGEdq1d9WcY
782,Take Dog Out For Walk But Forget Poop Bag,2021-06-17,15:31,https://www.youtube.com/watch?v=CidUjHuCI54
783,Taking A Really Bad Bus Journey,2020-09-23,12:57,https://www.youtube.com/watch?v=45-5Np6ucpM
784,Teacher Has A Nervous Breakdown,2019-05-20,15:45,https://www.youtube.com/watch?v=MpQOpc4xKXM
785,The Big Speech,2023-08-31,17:31,https://www.youtube.com/watch?v=6jVG2GdMPLQ
786,The Bus Breaks Down,2019-06-17,18:20,https://www.youtube.com/watch?v=SJI2Mbu4BBk
787,The Craig House,2019-01-29,18:01,https://www.youtube.com/watch?v=gUSt8WxalpI
788,The Elbow,2018-10-29,20:29,https://www.youtube.com/watch?v=G06PXcWNgPk
789,The Living Painting,2018-12-29,31:49,https://www.youtube.com/watch?v=f9a8dUXmT3M
790,The Panini Press,2019-01-07,14:33,https://www.youtube.com/watch?v=0XhSgLrTkp8
791,The Roast Chicken,2018-10-30,08:18,https://www.youtube.com/watch?v=IGvOfVECpic
792,The Small Meeting At The Village Hall Is Suddenly Interrupted,2019-10-07,04:05,https://www.youtube.com/watch?v=RoPj4uZ-2eg
793,The Unexpected Breakfast Incident,2019-01-28,18:00,https://www.youtube.com/watch?v=iMnzYWlgw1I
794,The Zoo,2021-11-18,12:17,https://www.youtube.com/watch?v=hbc8r0FLKwU
795,Three Wee Guys Commit A Crime,2023-09-20,15:27,https://www.youtube.com/watch?v=0ah7WAUJ1O4
796,Toaster Is Found In The Clyde Tunnel,2019-05-20,06:35,https://www.youtube.com/watch?v=ldtVBAM7wBE
797,Trying To Get Into A Place You're Barred From,2019-10-07,10:05,https://www.youtube.com/watch?v=VVCtjPtrIQQ
798,Two Breakfast,2023-12-05,06:56,https://www.youtube.com/watch?v=_yHKFjsiUNU
799,Two Lads Get Stuck In A Lift,2019-01-03,21:38,https://www.youtube.com/watch?v=r0ZlTprQ3aY
800,Two Strangers Have To Share A Taxi,2019-02-11,15:08,https://www.youtube.com/watch?v=cxbWjb2chmA
801,Undertaker Puts The Wrong Epitaph On A Gravestone,2019-10-14,07:22,https://www.youtube.com/watch?v=RshWjcSek7A
802,Vegan Turns Into Vegetable,2023-06-14,10:18,https://www.youtube.com/watch?v=1CYxNRTv5MY
803,Very Awkward Work Situation,2019-06-03,09:45,https://www.youtube.com/watch?v=CllOA_SKYKI
804,Wife Asks Husband If He Finds Her Friend Attractive,2023-03-15,14:30,https://www.youtube.com/watch?v=MRH2Jq408Qg
805,Winter Swimming Accident,2022-12-09,14:46,https://www.youtube.com/watch?v=2nFB7n_EOso
806,Woman Breaks Her New Year's Resolution,2023-01-06,02:47,https://www.youtube.com/watch?v=ifAHh0H97DE
807,Woman Builds A Boat,2020-10-05,16:37,https://www.youtube.com/watch?v=Dkvzgl6bSQo
808,Woman Buys Bass Guitar,2021-10-07,01:17,https://www.youtube.com/watch?v=_Xsj72-k-Jg
809,Woman Buys Expensive Kitchen Blender,2021-10-20,14:48,https://www.youtube.com/watch?v=THPhK_qEVVc
810,Woman Buys Hat,2022-12-16,06:11,https://www.youtube.com/watch?v=4btgMF9MTpg
811,Woman Buys New Clothes Pegs,2021-12-01,22:16,https://www.youtube.com/watch?v=juAmhoIEAas
812,Woman Buys New Double Glazing,2021-12-08,15:24,https://www.youtube.com/watch?v=s4IAzzS1aKA
813,Woman Buys Packet Of Seeds,2021-08-02,24:36,https://www.youtube.com/watch?v=AQNJeWeWcQI
814,Woman Buys Peleton,2022-07-15,12:53,https://www.youtube.com/watch?v=MwZd6AqY-SE
815,Woman Can't Find Plug Socket,2020-12-04,09:02,https://www.youtube.com/watch?v=OhaMZqzld3A
816,Woman Can't Hang Picture Straight,2022-10-25,07:09,https://www.youtube.com/watch?v=zljR1ZYnLzo
817,Woman Decides She's Had Enough,2020-11-27,08:00,https://www.youtube.com/watch?v=y9lbHnKHbaA
818,Woman Discovers New Plant,2021-10-27,02:37,https://www.youtube.com/watch?v=aRbMm0nxLi8
819,Woman Eats Sandwich,2023-09-11,07:10,https://www.youtube.com/watch?v=ZQqM1mFv6Ec
820,Woman Falls Asleep On Train And Wakes Up In Stranraer,2022-03-18,23:38,https://www.youtube.com/watch?v=DkuVIR90Mmg
821,Woman Falls Out Of Tree,2021-07-08,15:56,https://www.youtube.com/watch?v=8YwY318lE_E
822,Woman Finds A Bag Of Fish,2022-09-27,07:54,https://www.youtube.com/watch?v=vlGZemABXwo
823,Woman Finds Cat In Garden,2020-09-01,14:56,https://www.youtube.com/watch?v=MKn2vTnnACg
824,Woman Finds Secret Glass Lift,2019-02-18,26:16,https://www.youtube.com/watch?v=PLikK3fBmCk
825,Woman Finds Secret Room In House,2020-10-06,16:09,https://www.youtube.com/watch?v=2sqHvki6dwU
826,Woman Finds Something Strange In Husband's Slipper,2019-01-21,19:19,https://www.youtube.com/watch?v=GWg_qsWS4S0
827,Woman Finds Wounded Animal,2021-11-30,05:42,https://www.youtube.com/watch?v=TlZyQHz6MFY
828,Woman Gets Important Call,2022-02-10,15:01,https://www.youtube.com/watch?v=wD6o3Faujwg
829,Woman Gets Kicked Out Of Parents' Evening,2023-04-11,06:51,https://www.youtube.com/watch?v=Bpz3qd7VpIk
830,Woman Gets To Be On TV Show,2022-11-16,28:37,https://www.youtube.com/watch?v=z8xYCIAwb3o
831,Woman Goes Climbing,2022-01-26,07:55,https://www.youtube.com/watch?v=cs98cBrgqRM
832,Woman Goes For Walk In Park,2022-03-10,26:29,https://www.youtube.com/watch?v=LbHrDQmMLJY
833,Woman Goes Golfing,2022-01-21,23:38,https://www.youtube.com/watch?v=FMRDVj7fsbs
834,Woman Goes On Holiday,2022-04-22,19:49,https://www.youtube.com/watch?v=RFHbNDV4F88
835,Woman Goes To A Library,2021-10-26,20:06,https://www.youtube.com/watch?v=TaFT6Uvsg1s
836,Woman Is Convinced Her Taxi Driver Isn't Human,2020-08-03,10:46,https://www.youtube.com/watch?v=WgG6IKIyLmg
837,Woman Is Late For A Meeting,2020-07-14,02:11,https://www.youtube.com/watch?v=NjqNs1xkBMA
838,Woman Is Shocked To Be The Focus Of An Improv Story,2020-08-28,12:29,https://www.youtube.com/watch?v=_XFRGg8t6LI
839,Woman Is The 100th Caller In A Radio Competition,2022-10-27,01:18,https://www.youtube.com/watch?v=VJkyEDxn4qA
840,Woman Joins Dog Walking Club,2021-09-21,16:53,https://www.youtube.com/watch?v=2oGegtcrzWA
841,Woman Loses Her Toothbrush,2021-12-13,04:24,https://www.youtube.com/watch?v=jzPBgyOThk8
842,Woman Meets Craig,2023-04-17,00:26,https://www.youtube.com/watch?v=iroC9R3tBMk
843,Woman Orders Room Service,2021-12-07,15:11,https://www.youtube.com/watch?v=9_cQgrSbVpA
844,Woman Panic Orders A Takeaway At Midnight,2019-01-03,19:42,https://www.youtube.com/watch?v=cFEguZHW38c
845,Woman Quits Her Book Club,2022-10-04,10:32,https://www.youtube.com/watch?v=dcXeTPCMxok
846,Woman Quits Smoking,2022-01-27,01:34,https://www.youtube.com/watch?v=w8CP_mUsX1M
847,Woman Quits Teaching Job,2021-07-14,01:19,https://www.youtube.com/watch?v=Kz5qzZClnj0
848,Woman Sees A Light Outside Her Window,2020-07-09,09:07,https://www.youtube.com/watch?v=zw3-yt59hug
849,Woman Sneezes,2023-07-17,08:53,https://www.youtube.com/watch?v=wJIn7IfFxl8
850,Woman Steals Soap From Pub Toilet,2020-10-01,25:47,https://www.youtube.com/watch?v=vIA6gBE36eY
851,Woman Stops Paying Attention In A Meeting,2023-07-07,03:39,https://www.youtube.com/watch?v=9xt5E6n7XDc
852,Woman Takes Up Suping,2021-10-01,10:57,https://www.youtube.com/watch?v=JXg8NNUzHjU
853,Woman Tries To Learn Crochet,2022-06-22,02:09,https://www.youtube.com/watch?v=SZE1xwG9Fs4
854,Woman Uses Colleague's Milk,2020-06-25,17:25,https://www.youtube.com/watch?v=vNnGzEXb6TE
855,Woman Wakes Up In Car Boot,2019-07-29,11:18,https://www.youtube.com/watch?v=3jkVV8UmbbA
856,Woman's Car Breaks Down In The Middle Of The Night,2020-12-28,09:29,https://www.youtube.com/watch?v=_QLXOOm6J7c
857,You See An Old Friend In Greggs,2023-05-17,04:25,https://www.youtube.com/watch?v=QR65IQnB6QM
858,Young Lady Finds Keys,2018-12-28,18:58,https://www.youtube.com/watch?v=ky82Xnwlfmk
859,Man Shrinks Clothes,2021-11-26,29:20,https://www.youtube.com/watch?v=7-yASKpkNok
860,Gerard Butler gets caught shoplifting in Scotmid,NULL,29:48,https://www.youtube.com/watch?v=H_Aoe7HcK9E
861,High School Reunion,NULL,35:01,https://www.youtube.com/watch?v=FbEI6FqZaS8
862,Man Builds a Robot,NULL,26:23,https://www.youtube.com/watch?v=LHbmq_8TpHU
863,Man builds a theme park,NULL,15:33,https://www.youtube.com/watch?v=xB10MGZ71Tg
864,Man Can Read People's Thoughts,NULL,13:03,https://www.youtube.com/watch?v=RPccn3PC3d0
865,Man Gets Banned From Favourite Forum,NULL,15:23,https://www.youtube.com/watch?v=a0Shf6qXYdA
866,Man Inherits a House,NULL,21:08,https://www.youtube.com/watch?v=SFYSpuzuGkE
867,Man Lives in the Wilderness (Duck Story),NULL,20:30,https://www.youtube.com/watch?v=tZwIli-IaJ4
868,Man watches Polaroid develop,NULL,47:10,https://www.youtube.com/watch?v=qaCFqVEOSkY
869,Man's clothes change colour,NULL,09:19,https://www.youtube.com/watch?v=0U7403_I4YM
870,The bus breaks down,NULL,18:23,https://www.youtube.com/watch?v=SXISXlEJxD8
871,The Mistaken Bank Deposit,NULL,26:45,https://www.youtube.com/watch?v=GAM_MLA4Ii4
872,The Panini Press,NULL,12:55,https://www.youtube.com/watch?v=roFEcd1vFuI
873,A Painting Comes to LIfe,NULL,31:46,https://www.youtube.com/watch?v=dF-soJQz1p8
874,Bandercraig,NULL,26:14,https://www.youtube.com/watch?v=6XE2dCmLRQ4
875,Biker Gang Have Long Awaited Meet Up,NULL,11:02,https://www.youtube.com/watch?v=vBKYnZ2asvI
876,Dinner With Favourite Celeb,NULL,40:00,https://www.youtube.com/watch?v=sblJDwcAVgc
877,Dog Starts Talking To Owner,NULL,15:37,https://www.youtube.com/watch?v=9HtggkDbaTE
878,Endless Pee,NULL,07:20,https://www.youtube.com/watch?v=5y82v2hIrAM
879,Glesga Man Gets Lost In Bad Area of New York,NULL,07:57,https://www.youtube.com/watch?v=hTw2-AJT3AM
880,Magic Rug in Forest,NULL,28:06,https://www.youtube.com/watch?v=JiwfBzqLqJY
881,Man on the Telly,NULL,32:27,https://www.youtube.com/watch?v=UTB5WDeH3s4
882,No Hair Product,NULL,20:00,https://www.youtube.com/watch?v=0ri1YySJfK4
883,Stale Bread (Abusive ASMR in stereo!),NULL,19:32,https://www.youtube.com/watch?v=RcEmPwFoGYs
884,The Candle,NULL,13:52,https://www.youtube.com/watch?v=ULYBZiqF3Ak
885,The Cupboard,NULL,30:51,https://www.youtube.com/watch?v=kUu2fMn-wfg
886,The Mystery Bakery,NULL,17:55,https://www.youtube.com/watch?v=M6O5C39HTFE
887,The Roast Chicken,NULL,08:18,https://www.youtube.com/watch?v=JZRosTZHzAU
888,Two Lads Get Stuck In A Lift,NULL,21:40,https://www.youtube.com/watch?v=t5cLOLznHeA
889,Woman Panic Orders Takeaway,NULL,19:31,https://www.youtube.com/watch?v=UFsEulbbRRA
890,A Couple Buys a New Bed,NULL,30:00,https://www.youtube.com/watch?v=qqAKAfspYXk
891,A Dog Grows Arms,NULL,19:21,https://www.youtube.com/watch?v=aCKIVIyNTyg
892,Celeb In Toilet / Man Sells Toilet Seat,NULL,16:56,https://www.youtube.com/watch?v=mlNpLCMOBWo
893,Couple Go Car Shopping,NULL,10:00,https://www.youtube.com/watch?v=nbVUmkgcdlg
894,Glasgow Uni Student on Work Experience at the Barras,NULL,25:00,https://www.youtube.com/watch?v=kN3gb8-Uusc
895,Guy Finds False Teeth,NULL,02:48,https://www.youtube.com/watch?v=tTEVbxJjkoA
896,Guy Meets Girlfriend's Parents,NULL,21:17,https://www.youtube.com/watch?v=5WEImKndeGQ
897,Guys Gets Cancelled For A Crime He Didn't Commit,NULL,19:33,https://www.youtube.com/watch?v=goORsoV8m-A
898,Man Gets Hearing Test,NULL,11:50,https://www.youtube.com/watch?v=gggiIWngt6M
899,Man Killed By Motor. A Christian Story.,NULL,22:38,https://www.youtube.com/watch?v=0-YIiQQbpoI
900,Man Needs Pen,NULL,01:55,https://www.youtube.com/watch?v=MkyIEbqjgQI
901,Man Needs Shite At Funeral,NULL,22:11,https://www.youtube.com/watch?v=3_FL_f11cJE
902,Man Quits His Job,NULL,21:25,https://www.youtube.com/watch?v=X5CeQS2leX4
903,Man Tries New Flavour of Pot Noodle,NULL,25:04,https://www.youtube.com/watch?v=RRn59AN-Szk
904,News Anchor Gets Hard On Live On Air,NULL,13:44,https://www.youtube.com/watch?v=KKdZbcfhzQA
905,Sausages On A Train Track,NULL,16:23,https://www.youtube.com/watch?v=pFO7nvbUs70
906,Teacher Has Nervous Breakdown,NULL,15:04,https://www.youtube.com/watch?v=mcXdBps3KCA
907,The Metal Detector,NULL,27:41,https://www.youtube.com/watch?v=VFzoqUophhQ
908,The Mysterious Trouser Pocket,NULL,21:14,https://www.youtube.com/watch?v=PR7Vse6HfyE
909,The Suspiciously Talented Son,NULL,18:13,https://www.youtube.com/watch?v=c6rJyzi0F_s
910,Toaster in the Clyde Tunnel,NULL,06:51,https://www.youtube.com/watch?v=wIDeKtn0X6Q
911,Unexpected Breakfast Incident,NULL,17:50,https://www.youtube.com/watch?v=3BCn1tUYx88
912,Vasectomy/Dreams,NULL,35:57,https://www.youtube.com/watch?v=_TkKKR5mfX8
913,Woman Finds Secret Glass Lift,NULL,26:15,https://www.youtube.com/watch?v=Tr7qJX0Zing
914,Man Gets Rekt On Frosties And It Ruins His Entire Life,2020-07-20,09:15,https:â§¸â§¸www.youtube.comâ§¸watch?v=xrUzE3NdKbw
915,Man Plays The Amusements,2024-11-18,35:20,https:â§¸â§¸www.youtube.comâ§¸watch?v=UbkpR_TC4IU
916,Man Swallows His Gum,2024-11-08,26:40,https:â§¸â§¸www.youtube.comâ§¸watch?v=V6gdj0MTPY8
917,Man Chooses Wrong Halloween Costume,2024-10-31,15:29,https:â§¸â§¸www.youtube.comâ§¸watch?v=hCSBYOjuqUQ
918,Man Works On A Cruise Ship,2024-10-25,20:08,https:â§¸â§¸www.youtube.comâ§¸watch?v=T2p7Gzvf_og
919,Man Drinks Lime Cordial,2024-10-23,08:34,https:â§¸â§¸www.youtube.comâ§¸watch?v=PxDnzqYNSO8
920,Man Finds Mysterious DVD,2024-10-22,16:42,https:â§¸â§¸www.youtube.comâ§¸watch?v=kak04X2tyCw
921,Man Upsets Wrathful Vampire,2024-10-21,11:31,https:â§¸â§¸www.youtube.comâ§¸watch?v=CgklNOUfIxk
922,Man Is Born In 1974,2024-10-19,03:26,https:â§¸â§¸www.youtube.comâ§¸watch?v=K2WApnqLq5E
923,Man Sees Out His 40's With A Bang,2024-10-11,08:37,https:â§¸â§¸www.youtube.comâ§¸watch?v=5ugtEPb-uWQ
924,Man Has A Mid Life Crisis,2024-10-08,14:42,https:â§¸â§¸www.youtube.comâ§¸watch?v=FVn5u9dtjAs
925,Man Makes A Fool Of Himself,2024-10-07,15:23,https:â§¸â§¸www.youtube.comâ§¸watch?v=PbFI4Z7vCMw
926,Man Gets Exposed On National TV,2024-09-30,28:40,https:â§¸â§¸www.youtube.comâ§¸watch?v=xg5uOqj9lCg
927,Man Joins A Boy Band,2024-09-27,14:10,https:â§¸â§¸www.youtube.comâ§¸watch?v=2LcrjpwN37A
928,Unaware Tourist Get's Battered In Rough Area Of Glasgow,2024-09-28,03:57,https:â§¸â§¸www.youtube.comâ§¸watch?v=9BB68y4mqu4
929,Man Plays High Stakes Bingo,2024-09-19,32:07,https:â§¸â§¸www.youtube.comâ§¸watch?v=cJRT7MjgnwA
930,Man Returns Overdue Library Book,2024-09-10,05:26,https:â§¸â§¸www.youtube.comâ§¸watch?v=jpzrlxOdtDI
931,Man Brushes Teeth,2024-09-05,12:45,https:â§¸â§¸www.youtube.comâ§¸watch?v=Gl8V5WBPAcM
932,Man Gets A Hype Train To Work,2024-09-05,07:00,https:â§¸â§¸www.youtube.comâ§¸watch?v=X-EO_N-uVbo
933,Man Enters Martial Arts Tournament,2024-09-04,02:14,https:â§¸â§¸www.youtube.comâ§¸watch?v=oOLTNXsdBjM
934,Family Digs Hole In Garden,2020-07-07,06:08,https:â§¸â§¸www.youtube.comâ§¸watch?v=GXcDScmshgc
935,Man Can't Stick Something To His Wall,2024-09-03,03:39,https:â§¸â§¸www.youtube.comâ§¸watch?v=srD4tebGaLU
936,Pubman Gets Sober,2024-09-02,08:59,https:â§¸â§¸www.youtube.comâ§¸watch?v=zw47zDfrj7A
937,Man Makes A Disgusting Cup Of Tea,2024-08-23,05:13,https:â§¸â§¸www.youtube.comâ§¸watch?v=aZ0Pb-gpGkE
938,Man Messes Up Handshake,2024-08-20,26:24,https:â§¸â§¸www.youtube.comâ§¸watch?v=nGyXeTAKsjM
939,Man Forgets His Son's Name,2024-08-15,01:30,https:â§¸â§¸www.youtube.comâ§¸watch?v=Mk3pADnaAbw
940,Man Pulls Wire,2024-08-13,07:32,https:â§¸â§¸www.youtube.comâ§¸watch?v=xnf7af3w14U
941,You Kiss The Dames But You Don't Ask Their Names,2024-08-12,07:11,https:â§¸â§¸www.youtube.comâ§¸watch?v=FA_aFFMyeiI
942,service user places order 18 minutes before closing time,2024-08-02,06:33,https:â§¸â§¸www.youtube.comâ§¸watch?v=pj_mLt39laY
943,Woman Goes To Their High School Prom,2024-07-30,09:05,https:â§¸â§¸www.youtube.comâ§¸watch?v=uJH-i3lUO50
944,Woman Has Relevant Information Concerning Searchline Request,2024-07-29,05:15,https:â§¸â§¸www.youtube.comâ§¸watch?v=n2gyOKmW44U
945,Woman Competes In The Olympics,2024-07-26,11:50,https:â§¸â§¸www.youtube.comâ§¸watch?v=fWVK5FWjaEY
946,Amateur DJ Has His First Proper Gig,2024-07-17,19:55,https:â§¸â§¸www.youtube.comâ§¸watch?v=6Z70BYjg0jc
947,"hi Limy,  I'm from Japan. It is a nice streamer, thankyou",2024-07-15,06:07,https:â§¸â§¸www.youtube.comâ§¸watch?v=yLU3rSbvnqI
948,Man Has A Very Meta Experience,2024-06-27,04:28,https:â§¸â§¸www.youtube.comâ§¸watch?v=18EXuBMN1nw
949,Man Travels To The USA For The First Time,2024-06-26,33:56,https:â§¸â§¸www.youtube.comâ§¸watch?v=GqPPXiiuvfo
950,Man Buys Wrong Trousers,2024-06-25,06:45,https:â§¸â§¸www.youtube.comâ§¸watch?v=2_NE5THrJD8
951,Man Falls Asleep On Train,2024-06-24,08:01,https:â§¸â§¸www.youtube.comâ§¸watch?v=GOdgZ746ypc
952,Father of Three Has A Night Out,2024-06-21,08:03,https:â§¸â§¸www.youtube.comâ§¸watch?v=FA4zkodDrxo
953,Hard English Border,2024-06-07,15:08,https:â§¸â§¸www.youtube.comâ§¸watch?v=QwLt63kcLQw
954,"Man Gets Lost In Hohenwald, Tennessee",2024-05-30,12:34,https:â§¸â§¸www.youtube.comâ§¸watch?v=eMGzNuEhoGc
955,Man Gets Trauma Dumped,2024-05-28,09:21,https:â§¸â§¸www.youtube.comâ§¸watch?v=0srTex5ndug
956,Man Auditions For Role In Soap Opera,2024-05-24,16:36,https:â§¸â§¸www.youtube.comâ§¸watch?v=Um3zG8lQzqo
957,Man Joins Sun Life Over 50's Plan,2024-05-24,10:43,https:â§¸â§¸www.youtube.comâ§¸watch?v=7Zfac2ScYkI
958,Man Makes Big Mistake At Work,2024-05-22,36:07,https:â§¸â§¸www.youtube.comâ§¸watch?v=B-UU0AgTqmQ
959,Couple Take Holiday Scuba Lesson,2024-05-21,12:26,https:â§¸â§¸www.youtube.comâ§¸watch?v=dX2zWQn_tUk
960,Man Buys Hat,2024-05-21,06:33,https:â§¸â§¸www.youtube.comâ§¸watch?v=4RvR0HfEHo8
961,AI Helper Replaces Artist,2024-05-20,09:37,https:â§¸â§¸www.youtube.comâ§¸watch?v=1Cr2KUxC0u0
962,Man Wins Michelin Star,2024-05-17,08:41,https:â§¸â§¸www.youtube.comâ§¸watch?v=3HS80uSgJYA
963,Person Goes into Cheddars And Can't Pay The Bill,2024-05-17,11:46,https:â§¸â§¸www.youtube.comâ§¸watch?v=b3hVwCD9gM8
964,Man Finds A Suspicious Dog,2024-05-14,07:59,https:â§¸â§¸www.youtube.comâ§¸watch?v=0wTF9cfMA2Q
965,American Trucker Becomes Priest,2024-05-14,06:55,https:â§¸â§¸www.youtube.comâ§¸watch?v=G4SIoeZb5oo
966,Man Attends Eurovision,2024-05-13,11:23,https:â§¸â§¸www.youtube.comâ§¸watch?v=WJRKRFAEQWg
967,Man Thinks He Can Turn Invisible,2024-05-10,19:25,https:â§¸â§¸www.youtube.comâ§¸watch?v=Zaupwidqk0I
968,Man Calls Into The Radio,2024-05-10,16:26,https:â§¸â§¸www.youtube.comâ§¸watch?v=VFRJlC0Npb4
969,Improv This...,2024-05-10,15:45,https:â§¸â§¸www.youtube.comâ§¸watch?v=OqhsKTXCVLA
970,Man Has Glamping Mishap,2024-05-09,09:42,https:â§¸â§¸www.youtube.comâ§¸watch?v=Oiwd-xfxVOg
971,Man Visits Stonehenge,2024-05-09,09:26,https:â§¸â§¸www.youtube.comâ§¸watch?v=5rPOwL4hKeU
972,Man Has Mental Breakdown On A Train,2024-05-08,11:35,https:â§¸â§¸www.youtube.comâ§¸watch?v=ei5-PrNyI44
973,Man Changes Name By Deed Poll,2024-05-08,15:29,https:â§¸â§¸www.youtube.comâ§¸watch?v=Lowhzt8iXck
974,3 Weeks Guys Get Set Upon,2024-05-07,10:34,https:â§¸â§¸www.youtube.comâ§¸watch?v=j2-BwAeYclY
975,"Woman Sleeps On Train, Wakes Up In Fife, Bewildered",2024-05-06,05:13,https:â§¸â§¸www.youtube.comâ§¸watch?v=SouLiYKNI3Q
976,Man Meets His Idol,2024-05-06,12:08,https:â§¸â§¸www.youtube.comâ§¸watch?v=rPZmVv6g-VQ
977,Man Loses All His Shoes,2024-05-03,14:45,https:â§¸â§¸www.youtube.comâ§¸watch?v=FYq79-Wn4Gc
978,Man Decides to Ignore Laws of Gravity,2024-05-03,03:36,https:â§¸â§¸www.youtube.comâ§¸watch?v=Btb0_ll08a4
979,Man Can Change One Thing He Regrets,2024-05-03,10:05,https:â§¸â§¸www.youtube.comâ§¸watch?v=afMcz9hdVe4
980,Man Finds A Genie,2024-04-12,01:44,https:â§¸â§¸www.youtube.comâ§¸watch?v=519nFn7nXdA
981,Man in Gallery,2020-12-10,22:44,https:â§¸â§¸www.youtube.comâ§¸watch?v=se35jElTWMw
982,Man Wraps Christmas Presents,2023-12-22,11:13,https:â§¸â§¸www.youtube.comâ§¸watch?v=pvktBNqhMPQ
983,Man Runs Out Of Time,2023-12-21,01:38,https:â§¸â§¸www.youtube.comâ§¸watch?v=nrX3JcWl5Fo
984,Man Finds Something Under Partner's Pillow,2023-12-20,01:37,https:â§¸â§¸www.youtube.comâ§¸watch?v=DKl7GfRIxjk
985,Man Plays Hide And Seek,2023-12-19,11:50,https:â§¸â§¸www.youtube.comâ§¸watch?v=j_-HSL8Bejo
986,Man Goes On Top Of The Pops,2023-12-18,18:49,https:â§¸â§¸www.youtube.comâ§¸watch?v=GL6GYCGm1OQ
987,Man Gets On With It,2023-12-15,01:07,https:â§¸â§¸www.youtube.comâ§¸watch?v=VRprVOyNQ3U
988,Man Gets Trapped In IKEA,2023-12-14,06:07,https:â§¸â§¸www.youtube.comâ§¸watch?v=bFMI13wua_Q
989,Man Goes There,2023-12-13,07:26,https:â§¸â§¸www.youtube.comâ§¸watch?v=8jDq1krTm6M
990,A Person Daydreams,2023-12-12,10:57,https:â§¸â§¸www.youtube.comâ§¸watch?v=lvOPmoMPtYs
991,Man Falls Out Of Plane,2023-12-11,00:34,https:â§¸â§¸www.youtube.comâ§¸watch?v=7LOg94r3J3Y
992,Man Falls Into Pool,2023-12-08,02:34,https:â§¸â§¸www.youtube.comâ§¸watch?v=HG9bTN5IN_s
993,Man Cannae Handle A Joke,2023-12-07,02:03,https:â§¸â§¸www.youtube.comâ§¸watch?v=Ma6nnklYaSw
994,Man Finds Clown Shoes,2023-12-06,08:21,https:â§¸â§¸www.youtube.comâ§¸watch?v=7owLgkRv_cE
995,Two Breakfast,2023-12-05,06:56,https:â§¸â§¸www.youtube.comâ§¸watch?v=_yHKFjsiUNU
996,Book Signing Goes Wrong,2023-12-04,01:03,https:â§¸â§¸www.youtube.comâ§¸watch?v=yTPZk6yWwTo
997,Man Scrapes Ice Off Car,2023-12-01,01:14,https:â§¸â§¸www.youtube.comâ§¸watch?v=WQ3L_wWzE9o
998,Man Gets Takeaway,2023-11-30,01:50,https:â§¸â§¸www.youtube.comâ§¸watch?v=RcTXDR6gdVc
999,Man Finds 100 Diamonds,2023-11-29,03:02,https:â§¸â§¸www.youtube.comâ§¸watch?v=WDF1xNkQF2U
1000,Man Catches Sleeve On Door Handle,2023-11-28,01:39,https:â§¸â§¸www.youtube.comâ§¸watch?v=SrF7udL2_XI
1001,Man Decides To Start His Own Twitch Stream,2023-11-27,01:15,https:â§¸â§¸www.youtube.comâ§¸watch?v=YNAT5gHbxgU
1002,Man Gets On Wrong Plane,2023-11-24,00:13,https:â§¸â§¸www.youtube.comâ§¸watch?v=aXRijU_0Vpg
1003,Man Ditches His Own Wedding Halfway Through,2023-11-23,01:40,https:â§¸â§¸www.youtube.comâ§¸watch?v=c7E5mEy-VTA
1004,Man Loses Bike,2023-11-22,07:00,https:â§¸â§¸www.youtube.comâ§¸watch?v=ZnqJzCtH6eY
1005,Man Boards Wrong Train,2023-11-21,18:53,https:â§¸â§¸www.youtube.comâ§¸watch?v=CdX8bBp2Jhc
1006,Man Goes Into Neighbour's House,2023-11-20,00:31,https:â§¸â§¸www.youtube.comâ§¸watch?v=mLXvITcexUg
1007,Man Celebrates Christmas Early,2023-11-17,13:28,https:â§¸â§¸www.youtube.comâ§¸watch?v=KYMUxArlTA8
1008,Man Visits Texas,2023-11-16,00:42,https:â§¸â§¸www.youtube.comâ§¸watch?v=cfrEgJ1fFkc
1009,Man HATES His Audience,2023-11-15,09:05,https:â§¸â§¸www.youtube.comâ§¸watch?v=ws8hC17RrXA
1010,Man Buys New Tap,2023-11-14,02:35,https:â§¸â§¸www.youtube.comâ§¸watch?v=KJ_VOwUwLbo
